id,description,source_name,nb_emojis,emojis_list,nb_alert_emojis,ratio_emojis,description_clean,langue,nb_mots,label,score,raison,erreur
2,"DescriptionA vendre, 2 hectares  nu, plat,  un terrain à 36 km de Tunis a Ain El Asker, sur route goudronnée, à proximité du réseau d'eau et d'électricitéPrix : 155000 dinars, négociable.pour profiter cette offre et pour plus d'information :contactez: mr harabi alitel: 22516198whatsapp (216) 55357150visite sur rdv a l'avancerue habib bourguiba birmchergua 1141première visite 30 dt et le reste des visites sont gratuites ,beaucoup d' autres offres sont disponibles :des terrains agricoles , industriels , des terrains de lotissement ,de loisir et des villas",affare,0,,0,0.0,"DescriptionA vendre, 2 hectares nu, plat, un terrain à 36 km de Tunis a Ain El Asker, sur route goudronnée, à proximité du réseau d'eau et d'électricitéPrix : 155000 dinars, négociable.pour profiter cette offre et pour plus d'information :contactez: mr harabi alitel: 22516198whatsapp (216) 55357150visite sur rdv a l'avancerue habib bourguiba birmchergua 1141première visite 30 dt et le reste des visites sont gratuites ,beaucoup d' autres offres sont disponibles :des terrains agricoles , industriels , des terrains de lotissement ,de loisir et des villas",fr,84,neutre_negatif,0.6,"Frais de visite, numeros multiples, pas d'agence",
3,"DescriptionVilla avec jardin de ses 4 cotés située à la route kaid mhamed km 1,5 est mise en location pour une longue durée en vue d'une activité commerciale. la villa est spacieuse, située dans un emplacement très calme et proche du centre ville (elle fait 410 m2 de couvert sur un terrain de 661 m2), et de plus elle fait le coin de 3 rues, donc totalement libre des 3 côtés, compteur eléctricité force est aussi disponible.villa convient pour un projet éducatif (exemple, jardin d'enfants ou créche ou centre scolaire privé) ou médical (centre dialyse, relais de pharmacie, etc..) ou autre projet. pour se renseigner, prière d'appeler le numero portable: 98 60 96 80 (Mr. Ahmed) ou me contacter par email sur ce site, et je vous répondrai inchallah 2..",affare,0,,0,0.0,"DescriptionVilla avec jardin de ses 4 cotés située à la route kaid mhamed km 1,5 est mise en location pour une longue durée en vue d'une activité commerciale. la villa est spacieuse, située dans un emplacement très calme et proche du centre ville (elle fait 410 m2 de couvert sur un terrain de 661 m2), et de plus elle fait le coin de 3 rues, donc totalement libre des 3 côtés, compteur eléctricité force est aussi disponible.villa convient pour un projet éducatif (exemple, jardin d'enfants ou créche ou centre scolaire privé) ou médical (centre dialyse, relais de pharmacie, etc..) ou autre projet. pour se renseigner, prière d'appeler le numero portable: 98 60 96 80 (Mr. Ahmed) ou me contacter par email sur ce site, et je vous répondrai inchallah 2..",fr,130,neutre_positif,0.8,"Description detaillee, mais sans prix ni agence",
4,"Descriptionchez l'agence immobiliere harabi met a vendreune agréable ferme d'une superficie totale de 7 hectaresau plaines de boucha aux confins des gouvernorats zaghouan et béja à 48km de tunis sur la route goudronnée, culturé, continent 1500 oliviers karonayki et 500 arbres variés orties amandiers figuiers orangerspuit d'eau avec moteur électrique 5.5 chevaux débit 3l s , salinité 1.7g et conteur steg subventionné .équipé de diverses machines agricoles tracteur et charrue et irrigation goutte à goutte avec les vannes.réseaux : steg 4 compteurs sonede 2 compteursavec une villa haute standing 250m2 équipée d'une magnifique terrasse, maison de gardien, un dépôt 400m2 , ecouri , poulaillerpapier en règle.prix: 1500000dt à discuter.pour profiter cette offre et pour plus d'information :contactez: mr harabi alitel: 22516198whatsapp (216) 55357150visite sur rdv a l'avancerue habib bourguiba birmchergua 1141première visite 30 dt et le reste des visites sont gratuites ,beaucoup d' autre offres sont disponibles :des terrain agricole , industriel , des terrain de lotissement ,de loisir et des villas",affare,0,,0,0.0,"Descriptionchez l'agence immobiliere harabi met a vendreune agréable ferme d'une superficie totale de 7 hectaresau plaines de boucha aux confins des gouvernorats zaghouan et béja à 48km de tunis sur la route goudronnée, culturé, continent 1500 oliviers karonayki et 500 arbres variés orties amandiers figuiers orangerspuit d'eau avec moteur électrique 5.5 chevaux débit 3l s , salinité 1.7g et conteur steg subventionné .équipé de diverses machines agricoles tracteur et charrue et irrigation goutte à goutte avec les vannes.réseaux : steg 4 compteurs sonede 2 compteursavec une villa haute standing 250m2 équipée d'une magnifique terrasse, maison de gardien, un dépôt 400m2 , ecouri , poulaillerpapier en règle.prix: 1500000dt à discuter.pour profiter cette offre et pour plus d'information :contactez: mr harabi alitel: 22516198whatsapp (216) 55357150visite sur rdv a l'avancerue habib bourguiba birmchergua 1141première visite 30 dt et le reste des visites sont gratuites ,beaucoup d' autre offres sont disponibles :des terrain agricole , industriel , des terrain de lotissement ,de loisir et des villas",fr,162,positif,0.95,"Agence identifiee, statut clair, details sur le bien",
6,"DescriptionAgence Les Arcades met en location 🔑 pour des courtes durée un magnifique appartement très haut standing  🔝🌟de type s+2 ,situé dans une résidence à la falaise de Monastir prés complexe touristique Marina .Vite réserver votre séjour👉pour plus d'informations contacter notre Agence:🤗☎ (00 216 )24 87 24 87 / (00 216) 99 090 006☎💡📧 mail: agencelesarcadesimmo@gmail.com",affare,9,🔑 🔝 🌟 👉 🤗 ☎ 💡 📧,2,0.1607,"DescriptionAgence Les Arcades met en location pour des courtes durée un magnifique appartement très haut standing de type s 2 ,situé dans une résidence à la falaise de Monastir prés complexe touristique Marina .Vite réserver votre séjour pour plus d'informations contacter notre Agence: (00 216 )24 87 24 87 / (00 216) 99 090 006 mail: agencelesarcadesimmo gmail.com",fr,58,positif,0.98,"Agence identifiee, contact multiple, details sur bien",
1,"Descriptionnous vous proposons à la location un bureau haut standing jamais habité situé dans un immeuble bureautique au lac 3 ,surface de 1700 m² en open space . il présente les caractéristiques suivantes:openspace1700 m²vue lactoiletteskitchenetteaccés par gp9 ou route tunis-marineorientation sud estproximités des cafés et restaurants10 min de station de tgmparkingprix : 34000 dt/ht/moispour plus d'info veuillez rappeler notre agence au51603900/99603906/51614130",affare,0,,0,0.0,"Descriptionnous vous proposons à la location un bureau haut standing jamais habité situé dans un immeuble bureautique au lac 3 ,surface de 1700 m² en open space . il présente les caractéristiques suivantes:openspace1700 m²vue lactoiletteskitchenetteaccés par gp9 ou route tunis-marineorientation sud estproximités des cafés et restaurants10 min de station de tgmparkingprix : 34000 dt/ht/moispour plus d'info veuillez rappeler notre agence au51603900/99603906/51614130",fr,61,positif,0.95,"Prix, superficie, details, agence implicite",
9,"DescriptionMahjoub met en vente Une Villa De 4 Niveaux Située à Beni Ismaïl El Kharouba, Bizerte emplacement idéale dans une zone calme avec un bon entourage.superficie terrain 202m²Prix de vente : 430 mille dinarssituation juridique : Titre foncier individuelContacter-nous pour plus d'informations 📞+21697764800Merci de nous contacter au WhatsApp(+216)97764800",affare,1,📞,0,0.0208,"DescriptionMahjoub met en vente Une Villa De 4 Niveaux Située à Beni Ismaïl El Kharouba, Bizerte emplacement idéale dans une zone calme avec un bon entourage.superficie terrain 202m²Prix de vente : 430 mille dinarssituation juridique : Titre foncier individuelContacter-nous pour plus d'informations 21697764800Merci de nous contacter au WhatsApp( 216)97764800",fr,49,positif,0.95,"Prix, statut, superficie, agence et contact clairs",
11,"Description📍 NOUVELLE ARIANA : BUREAU H+3 À LOUERL'agence #MON_RÉSEAU met à la location des bureaux de 100 m² situés dans un immeuble bureautique H+3 , disponibles aux 1er et 4eme étages avec ascenseur , idéalement conçus pour des professions telles que médecin, architecte, comptable, etc.Chaque bureau comprend :- Hall- Trois pièces- Toilette- Kitchenette- Chauffage central- Climatisation centrale- Gardiennage et syndicPrix de location : 1350 TND HT + 50 TND de frais de syndic par bureau🚨L'immeuble est sécurisé et bien situé à Ariana, à proximité des principales commodités.Pour plus d'informations, contactez notre conseillère en immobilier :☎️ Téléphone : +216 98 115 202📭 WhatsApp : +216 98 115 202📧 E-mail : monreseau.immo@outlook.com",affare,5,📍 🚨 ☎ 📭 📧,1,0.0455,"Description NOUVELLE ARIANA : BUREAU H 3 À LOUERL'agence MON_RÉSEAU met à la location des bureaux de 100 m² situés dans un immeuble bureautique H 3 , disponibles aux 1er et 4eme étages avec ascenseur , idéalement conçus pour des professions telles que médecin, architecte, comptable, etc.Chaque bureau comprend :- Hall- Trois pièces- Toilette- Kitchenette- Chauffage central- Climatisation centrale- Gardiennage et syndicPrix de location : 1350 TND HT 50 TND de frais de syndic par bureau L'immeuble est sécurisé et bien situé à Ariana, à proximité des principales commodités.Pour plus d'informations, contactez notre conseillère en immobilier : Téléphone : 216 98 115 202 WhatsApp : 216 98 115 202 E-mail : monreseau.immo outlook.com",fr,113,neutre_positif,0.85,"Agence identifiee, details sur bien, mais pas de prix",
12,"Descriptionune opportunité rare 🔥 :
un terrain constructible de 2400 m², idéalement situé à Jawhara, dans un quartier résidentiel calme et recherché 🌳🏡
🔹 Caractéristiques du terrain :
📐 Superficie : 2400 m²
🚧 Terrain clôturé
🏗️ Autorisation : R+8 (construction immédiate)
📜 Titre bleu disponible
💰 Prix : 1000 DT / m²
💵 Prix total : 2 400 000 DT
📍 Idéal pour promoteurs immobiliers ou investisseurs cherchant un projet rentable 📈
📞 Contactez-nous dès maintenant pour plus d'informations ou pour organiser une visite
📱 (+216) 50 802 150
📱 (+216) 55 660 538 
WhatsApp +216 55 660 538",affare,15,🔥 🌳 🏡 🔹 📐 🚧 🏗 📜 💰 💵 📍 📈 📞 📱,3,0.15,"Descriptionune opportunité rare : un terrain constructible de 2400 m², idéalement situé à Jawhara, dans un quartier résidentiel calme et recherché Caractéristiques du terrain : Superficie : 2400 m² Terrain clôturé Autorisation : R 8 (construction immédiate) Titre bleu disponible Prix : 1000 DT / m² Prix total : 2 400 000 DT Idéal pour promoteurs immobiliers ou investisseurs cherchant un projet rentable Contactez-nous dès maintenant pour plus d'informations ou pour organiser une visite ( 216) 50 802 150 ( 216) 55 660 538 WhatsApp 216 55 660 538",fr,89,positif,0.98,"Prix clair, statut juridique, details terrain",
20,"DescriptionA Vendre  une Magnifique villa indépendante située à Corniche Bizerte s''étendant sur 3 étagesUn vaste jardin avec une vue dégagée sur Mer et foretUne Piscine3 Abris de voituresUn pool house1 er étageUne chaudièreUne chambre de services3 vastes salons avec une salle à mangerUne grande cuisineUn petit séjourUne salle d'eauUne suite : chambre +salle d'eau2 éme étage :5 chambres à coucherUne spacieuse suite parentale avec une vue imprenable sur mer équipée d'une chambre de dressing, une salle de bainUn débarra avec une salle d'eau3 panneaux voltaïques dans le toitUne possibilité d'un R+2La partie Sous-Sol2 chambres à coucher avec dressingsUne salle de bainUne cuisineUn vaste salon style spa ou hammam traditionnelsUne sortie vers le jardinLe pool house indépendant de la Villa2 chambresUne salle d'eau avec une douche italienneUne cuisine équipéeUn dressingMerci de m 'appeler sur le +216 55 659 900",affare,0,,0,0.0,"DescriptionA Vendre une Magnifique villa indépendante située à Corniche Bizerte s''étendant sur 3 étagesUn vaste jardin avec une vue dégagée sur Mer et foretUne Piscine3 Abris de voituresUn pool house1 er étageUne chaudièreUne chambre de services3 vastes salons avec une salle à mangerUne grande cuisineUn petit séjourUne salle d'eauUne suite : chambre salle d'eau2 éme étage :5 chambres à coucherUne spacieuse suite parentale avec une vue imprenable sur mer équipée d'une chambre de dressing, une salle de bainUn débarra avec une salle d'eau3 panneaux voltaïques dans le toitUne possibilité d'un R 2La partie Sous-Sol2 chambres à coucher avec dressingsUne salle de bainUne cuisineUn vaste salon style spa ou hammam traditionnelsUne sortie vers le jardinLe pool house indépendant de la Villa2 chambresUne salle d'eau avec une douche italienneUne cuisine équipéeUn dressingMerci de m 'appeler sur le 216 55 659 900",fr,139,neutre_positif,0.8,Description detaillee mais sans prix ni agence,
14,"DescriptionAgence Les Arcades met en location 🔑 pour des courtes durée un magnifique appartement 🔝🌟de type s+1,situé dans une résidence sécurisé à 2éme zone touristique Monastir .Référence: A13Vite réserver votre séjour👉pour plus d'informations contacter notre Agence:🤗☎(00216) 24872487 ☎💡📧 mail: agencelesarcadesimmo@gmail.com",affare,9,🔑 🔝 🌟 👉 🤗 ☎ 💡 📧,2,0.225,"DescriptionAgence Les Arcades met en location pour des courtes durée un magnifique appartement de type s 1,situé dans une résidence sécurisé à 2éme zone touristique Monastir .Référence: A13Vite réserver votre séjour pour plus d'informations contacter notre Agence: (00216) 24872487 mail: agencelesarcadesimmo gmail.com",fr,42,positif,0.95,"Agence identifiee, email, telephone, reference",
15,"DescriptionNous vous proposons à la location 3 étages de bureau haut standing situé dans un immeuble bureautique prestigieux au lac 2 ,surface de 2300 m². il présente les caractéristiques suivantes:open space plus de bureaux en allu2300 m² sur trois étagescablagefaux plafondtoiletteskitchenetteaccés par gp9orientation sud estproximités des cafés et restaurants5 min de station de busparkingprix : 55580 dt/ht/moispour plus d'info veuillez rappeler notre agence au51603900/99603906/51614130",affare,0,,0,0.0,"DescriptionNous vous proposons à la location 3 étages de bureau haut standing situé dans un immeuble bureautique prestigieux au lac 2 ,surface de 2300 m². il présente les caractéristiques suivantes:open space plus de bureaux en allu2300 m² sur trois étagescablagefaux plafondtoiletteskitchenetteaccés par gp9orientation sud estproximités des cafés et restaurants5 min de station de busparkingprix : 55580 dt/ht/moispour plus d'info veuillez rappeler notre agence au51603900/99603906/51614130",fr,64,neutre_positif,0.8,"Description detaillee, mais pas d'agence ni de statut juridique",
16,"DescriptionMahjoub met en vente Une villa en phase finale de construction est disponible à la vente, située sur la route de la corniche Bizerte .dans une zone calme et agréable prés de toutes commoditésSuperficie terrain :730 m²Surface bâtie :500 m²Rez-de-chaussée comprenant un studio et un garage1er étage2 étageUn petit studio est situé sur le toit.Situation juridique : titre foncier individuelPrix de vente : 950 mille dinars (TND)Ne monquez pas cette opportunitéContacter-nous pour plus D'informations :+21697764800Merci de nous contacter au WhatsApp (+216)97764800Visite payante sur rendez-vous 30 dinars",affare,0,,0,0.0,"DescriptionMahjoub met en vente Une villa en phase finale de construction est disponible à la vente, située sur la route de la corniche Bizerte .dans une zone calme et agréable prés de toutes commoditésSuperficie terrain :730 m²Surface bâtie :500 m²Rez-de-chaussée comprenant un studio et un garage1er étage2 étageUn petit studio est situé sur le toit.Situation juridique : titre foncier individuelPrix de vente : 950 mille dinars (TND)Ne monquez pas cette opportunitéContacter-nous pour plus D'informations : 21697764800Merci de nous contacter au WhatsApp ( 216)97764800Visite payante sur rendez-vous 30 dinars",fr,88,positif,0.95,"Description detaillee, statut juridique clair",
17,DescriptionCollection Immo  met en vente une superbe Villa situé à beb mateur ayantSuperficie du Terrain : 300 m²Superficie Battie :117 m²S 'étandant sur 3 étages répartis comme suit:Rdc:Salon2 chambresUne cuisineSalle d eau équipée d'une doucheUne Véranda1 er EtageCuisine équipée avec terrasseSalle de bainSalle d eauDébarra2 Salons2 chambres avec terrassesUne Grande terrasse2 eme etageInachevé idéal pour ête une maison ou un studioPossibilité de Construire un 3 éme étageSituation juridique en régleUn prix attractif sur demandePour en avoir plus d infos et afin d organiser une visite merci de me contacter sur :+216 55 659 900,affare,0,,0,0.0,DescriptionCollection Immo met en vente une superbe Villa situé à beb mateur ayantSuperficie du Terrain : 300 m²Superficie Battie :117 m²S 'étandant sur 3 étages répartis comme suit:Rdc:Salon2 chambresUne cuisineSalle d eau équipée d'une doucheUne Véranda1 er EtageCuisine équipée avec terrasseSalle de bainSalle d eauDébarra2 Salons2 chambres avec terrassesUne Grande terrasse2 eme etageInachevé idéal pour ête une maison ou un studioPossibilité de Construire un 3 éme étageSituation juridique en régleUn prix attractif sur demandePour en avoir plus d infos et afin d organiser une visite merci de me contacter sur : 216 55 659 900,fr,95,neutre_positif,0.8,"Agence identifiee, details sur le bien, mais pas de prix",
18,"DescriptionRe/Max Gold met en vente un superbe Ranch avec un terrain agricole atteignant une superficie de 3 Hectares situé dans un endroit calme et serein comportant:Une pleinitude d arbres fruitiers:oliviers ,orangiers ,grenadiers ,figuiersUne culture de Vigne comportant plus de 700 arbresUn StudioUne Etable ÉquipéeUne Villa sur 2 Etages ayant une imprenable vue panoramique idéale pour programmer des HôtesUn PoulaillerUn sondage de 56 m de profondeur couvrant la totalité du terrainUne Situation juridique correcteAfin d' organiser une Visite merci de prendre contact avec Nour Aidly Conseillere Immobilier Remax Gold Tunisie sur+216 55 659 900nour.aidli@remax.com.tn",affare,0,,0,0.0,"DescriptionRe/Max Gold met en vente un superbe Ranch avec un terrain agricole atteignant une superficie de 3 Hectares situé dans un endroit calme et serein comportant:Une pleinitude d arbres fruitiers:oliviers ,orangiers ,grenadiers ,figuiersUne culture de Vigne comportant plus de 700 arbresUn StudioUne Etable ÉquipéeUne Villa sur 2 Etages ayant une imprenable vue panoramique idéale pour programmer des HôtesUn PoulaillerUn sondage de 56 m de profondeur couvrant la totalité du terrainUne Situation juridique correcteAfin d' organiser une Visite merci de prendre contact avec Nour Aidly Conseillere Immobilier Remax Gold Tunisie sur 216 55 659 900nour.aidli remax.com.tn",fr,95,positif,0.95,"Agence identifiee, description detaillee, statut clair",
52,"Description📍 GHAZELLA – VILLA À VENDRE SUR DEUX NIVEAUX SÉPARÉSL'agence #Mon_Réseau vous propose à la vente une villa indépendante, bâtie sur un terrain de 500 m², située dans un quartier résidentiel calme et sécurisé, proche de toutes commodités.Cette propriété spacieuse et lumineuse offre une surface bâtie de 420 m² répartie sur deux niveaux indépendants, avec un agencement fonctionnel idéal pour une grande famille ou pour une double occupation.🔹 REZ-DE-CHAUSSÉE (240 m²) :- Un vaste salon lumineux- Une salle à manger- Une cuisine équipée- Une salle d'eau invités- Deux salles de bain-Quatre chambres à coucher-Un abri pour 3 voitures- Un studio à l'extérieur🔹 ÉTAGE (180 m² avec accès indépendant) :- Un grand salon avec terrasse- Une cuisine moderne- Une salle de bain- Deux chambres à coucher avec dressings- Une suite parentale avec dressing et salle d'eau🔹 SOUS-SOL :- Un grand garage- Une pièce de débarras ou de rangement🚨 Jardin autour de la villa🚨PRIX DE VENTE : 780 MD✅ Autorisation de bâtir R+2 disponible✅ Titre foncier individuel en règleCette villa représente une opportunité unique d'acquérir une demeure de qualité dans un secteur stratégique et en pleine expansion.📞 Pour plus d'informations ou pour organiser une visite, merci de contacter notre conseillère en immobilier :📱 Téléphone : +216 98 115 202💬 WhatsApp : +216 98 115 202📧 E-mail : monreseau.immo@outlook.com",affare,12,📍 🔹 🚨 ✅ 📞 📱 💬 📧,2,0.0556,"Description GHAZELLA VILLA À VENDRE SUR DEUX NIVEAUX SÉPARÉSL'agence Mon_Réseau vous propose à la vente une villa indépendante, bâtie sur un terrain de 500 m², située dans un quartier résidentiel calme et sécurisé, proche de toutes commodités.Cette propriété spacieuse et lumineuse offre une surface bâtie de 420 m² répartie sur deux niveaux indépendants, avec un agencement fonctionnel idéal pour une grande famille ou pour une double occupation. REZ-DE-CHAUSSÉE (240 m²) :- Un vaste salon lumineux- Une salle à manger- Une cuisine équipée- Une salle d'eau invités- Deux salles de bain-Quatre chambres à coucher-Un abri pour 3 voitures- Un studio à l'extérieur ÉTAGE (180 m² avec accès indépendant) :- Un grand salon avec terrasse- Une cuisine moderne- Une salle de bain- Deux chambres à coucher avec dressings- Une suite parentale avec dressing et salle d'eau SOUS-SOL :- Un grand garage- Une pièce de débarras ou de rangement Jardin autour de la villa PRIX DE VENTE : 780 MD Autorisation de bâtir R 2 disponible Titre foncier individuel en règleCette villa représente une opportunité unique d'acquérir une demeure de qualité dans un secteur stratégique et en pleine expansion. Pour plus d'informations ou pour organiser une visite, merci de contacter notre conseillère en immobilier : Téléphone : 216 98 115 202 WhatsApp : 216 98 115 202 E-mail : monreseau.immo outlook.com",fr,218,neutre_positif,0.85,"Agence identifiee, mais sans prix ni statut juridique",
22,DescriptionA vendre un appartement s+3  à  cité Ennasr.𝐃𝐄𝐓𝐀𝐈𝐋𝐒 𝐃𝐔 𝐁𝐈𝐄𝐍➤ Superficie : 194 𝖒²➤ Typologie : S+3➤ Étage : 5ème avec ascenseur𝐀𝐌𝐄𝐍𝐀𝐆𝐄𝐌𝐄𝐍𝐓 𝐃𝐔 𝐁𝐈𝐄𝐍Un salon avec balconUne salle d'eau invitéesUne cuisine bien aménagée et équipée.3 chambres à coucher avec dressingsUne salle de bain commune𝐄𝐐𝐔𝐈𝐏𝐄𝐌𝐄𝐍𝐓𝐒chauffage centralclimatisation en split système2 places de parking sous sol𝑷𝒐𝒖𝒓 𝒑𝒍𝒖𝒔 𝒅'𝒊𝒏𝒇𝒐𝒓𝒎𝒂𝒕𝒊𝒐𝒏𝒔 𝒗𝒆𝒖𝒊𝒍𝒍𝒆𝒛 𝒏𝒐𝒖𝒔 𝒄𝒐𝒏𝒕𝒂𝒄𝒕𝒆𝒓24 657 657,affare,3,➤,0,0.05,DescriptionA vendre un appartement s 3 à cité Ennasr.𝐃𝐄𝐓𝐀𝐈𝐋𝐒 𝐃𝐔 𝐁𝐈𝐄𝐍 Superficie : 194 𝖒² Typologie : S 3 Étage : 5ème avec ascenseur𝐀𝐌𝐄𝐍𝐀𝐆𝐄𝐌𝐄𝐍𝐓 𝐃𝐔 𝐁𝐈𝐄𝐍Un salon avec balconUne salle d'eau invitéesUne cuisine bien aménagée et équipée.3 chambres à coucher avec dressingsUne salle de bain commune𝐄𝐐𝐔𝐈𝐏𝐄𝐌𝐄𝐍𝐓𝐒chauffage centralclimatisation en split système2 places de parking sous sol𝑷𝒐𝒖𝒓 𝒑𝒍𝒖𝒔 𝒅'𝒊𝒏𝒇𝒐𝒓𝒎𝒂𝒕𝒊𝒐𝒏𝒔 𝒗𝒆𝒖𝒊𝒍𝒍𝒆𝒛 𝒏𝒐𝒖𝒔 𝒄𝒐𝒏𝒕𝒂𝒄𝒕𝒆𝒓24 657 657,fr,62,neutre_positif,0.8,"Description detaillee, mais sans prix ni agence",
23,"DescriptionParticulier met en location pour étranger, un appartement S+4 meublé haut standing, spacieux neuf.dans une résidence , au cité les palmeraies , à proximité du Lac 2,se compose :- une salon spacieuse- 4 chambres de nuit dont 1 suite parentale avec Sdb .- une cuisine bien équipée + séchoir- une 2ème salle de bain avec salle d'eau.- une salle d'eau séparée.- une place de parking au sous-sol ,- chauffage central 4 climatiseurs 4 tv.- résidence sécurisée gardée et possède un espace vert agréable avec jardin d'enfants.Prix du loyer à l'année 2000 dt/mois avec 2 mois de caution.gsm +21655690000",affare,0,,0,0.0,"DescriptionParticulier met en location pour étranger, un appartement S 4 meublé haut standing, spacieux neuf.dans une résidence , au cité les palmeraies , à proximité du Lac 2,se compose :- une salon spacieuse- 4 chambres de nuit dont 1 suite parentale avec Sdb .- une cuisine bien équipée séchoir- une 2ème salle de bain avec salle d'eau.- une salle d'eau séparée.- une place de parking au sous-sol ,- chauffage central 4 climatiseurs 4 tv.- résidence sécurisée gardée et possède un espace vert agréable avec jardin d'enfants.Prix du loyer à l'année 2000 dt/mois avec 2 mois de caution.gsm 21655690000",fr,98,neutre_negatif,0.6,"Ciblage etrangers, pas de prix ni d'agence",
24,"DescriptionAgence Les Arcades met en location 🔑 pour les vacances un appartement de type s+1,situé dans une résidence sécurisée à la Falaise de Monastir près complexe touristique Marina .Comprenant wifi+IPTV + 2 climatiseurs +chauffage centralSeulement pour les familles👨‍👩‍👧‍👦Référence: 26👉Pour plus d'informations contactez notre Agence:🤗☎98 408 516☎💡📧 mail: agencelesarcadesimmo@gmail.com",affare,11,🔑 👨 👩 👧 👦 👉 🤗 ☎ 💡 📧,1,0.2292,"DescriptionAgence Les Arcades met en location pour les vacances un appartement de type s 1,situé dans une résidence sécurisée à la Falaise de Monastir près complexe touristique Marina .Comprenant wifi IPTV 2 climatiseurs chauffage centralSeulement pour les familles Référence: 26 Pour plus d'informations contactez notre Agence: 98 408 516 mail: agencelesarcadesimmo gmail.com",fr,52,positif,0.98,"Agence identifiee, email, ref unique, details",
25,"Descriptionparticulier met en location pour un étranger , à la résidence Erriadh Ennasr2. proche de la mosquée Essalem et magasin général très bel appartement s+1 bien meublé, haut standing et surtout très propre.se compose :Une Entrée indépendante.1 salon spacieuse .1 chambre de nuit .1 cuisine équipée .1 salle de bain .1 balcon qui s'ouvre sur un espace vert.chauffage central + climatisation + 2 tv avec récepteurs et abonnements intégrés + internet wi-fi illimité.Résidence dans un endroit idéal au plein centre du cité Ennasr2, sécurisée gardée jours et nuits.prix du loyer à l'année 1200 dt /mois avec 2 mois de caution.gsm propriétaire +21655690000étudiants et agences s'abstenir.",affare,0,,0,0.0,"Descriptionparticulier met en location pour un étranger , à la résidence Erriadh Ennasr2. proche de la mosquée Essalem et magasin général très bel appartement s 1 bien meublé, haut standing et surtout très propre.se compose :Une Entrée indépendante.1 salon spacieuse .1 chambre de nuit .1 cuisine équipée .1 salle de bain .1 balcon qui s'ouvre sur un espace vert.chauffage central climatisation 2 tv avec récepteurs et abonnements intégrés internet wi-fi illimité.Résidence dans un endroit idéal au plein centre du cité Ennasr2, sécurisée gardée jours et nuits.prix du loyer à l'année 1200 dt /mois avec 2 mois de caution.gsm propriétaire 21655690000étudiants et agences s'abstenir.",fr,103,neutre_negatif,0.6,"Ciblage etranger, pas de prix ni d'agence",
26,DescriptionMahjoub met à la vente un terrain constructible située à Borj Ghammez prés residence soltana bizerteVue panoramique sur BizerteSuperficie : 430 m²Documents Fournis : titre foncier individuelPrix de vente : 450 DT/m² (quatre cent cinquante dinars le mètre carré) (TND) OUI négociable.Contacter-nous pour plus D'informations : 0021697764800Merci de nous contacter au WhatsApp (+216)97764800Visite sur rdv à l'avanceVisite payante 30 dinarsBienvenue et merci,affare,0,,0,0.0,DescriptionMahjoub met à la vente un terrain constructible située à Borj Ghammez prés residence soltana bizerteVue panoramique sur BizerteSuperficie : 430 m²Documents Fournis : titre foncier individuelPrix de vente : 450 DT/m² (quatre cent cinquante dinars le mètre carré) (TND) OUI négociable.Contacter-nous pour plus D'informations : 0021697764800Merci de nous contacter au WhatsApp ( 216)97764800Visite sur rdv à l'avanceVisite payante 30 dinarsBienvenue et merci,fr,63,neutre_negatif,0.65,"2 numeros WhatsApp, prix negociable",
89,DescriptionMahjoub met en vente maison 2 étages à zarzouna BizerteDocuments Fournis : titre individuelPrix de vente : 130 Milles Dinars Négociable✔️Contactez-nous pour plus d'informations +21697764800Merci de nous contacter au WhatsApp (+216)97764800,affare,1,✔,0,0.0323,DescriptionMahjoub met en vente maison 2 étages à zarzouna BizerteDocuments Fournis : titre individuelPrix de vente : 130 Milles Dinars Négociable Contactez-nous pour plus d'informations 21697764800Merci de nous contacter au WhatsApp ( 216)97764800,fr,33,neutre_positif,0.85,"Prix et statut clairs, mais 2 numeros similaires",
28,"DescriptionA vendre studio à el menzah1 de 28m2,sur un terrain de 160m² ,prés de toutes commodités ,cartier prestigieux et calme:prix 3750/m² négociable .Tél 22597361",affare,0,,0,0.0,"DescriptionA vendre studio à el menzah1 de 28m2,sur un terrain de 160m² ,prés de toutes commodités ,cartier prestigieux et calme:prix 3750/m² négociable .Tél 22597361",fr,24,neutre_positif,0.8,Prix et details mais pas d'agence ni statut juridique,
29,"Descriptionnous vous proposons une ferme idéale d'une superficie de 30 hectares sur la route goudronnée, à 52 km environ 40 minutes de la capitale, tunis .terrain fertile, excellente nappe phréatique, ensemble de bâtiments, électricité et eau potable. cette ferme est située dans un environnement naturel magnifique et sécuritaire. possibilité de creuser un puits profond. documents juridiques. prix ​​à l'hectare : 32 000 dinars. prix ​​total : 960 000, négociable.visite sur rdv a l'avancepour profiter cette offre et pour plus d'information :contactez: mr harabi alitel: 22516198whatsapp 216 55357150rue habib bourguiba birmchergua 1141première visite 30 dt et le reste des visites sont gratuites ,beaucoup d' autres offres sont disponibles :des terrains agricoles , industriels , des terrains de lotissement ,de loisir et des villas",affare,0,,0,0.0,"Descriptionnous vous proposons une ferme idéale d'une superficie de 30 hectares sur la route goudronnée, à 52 km environ 40 minutes de la capitale, tunis .terrain fertile, excellente nappe phréatique, ensemble de bâtiments, électricité et eau potable. cette ferme est située dans un environnement naturel magnifique et sécuritaire. possibilité de creuser un puits profond. documents juridiques. prix à l'hectare : 32 000 dinars. prix total : 960 000, négociable.visite sur rdv a l'avancepour profiter cette offre et pour plus d'information :contactez: mr harabi alitel: 22516198whatsapp 216 55357150rue habib bourguiba birmchergua 1141première visite 30 dt et le reste des visites sont gratuites ,beaucoup d' autres offres sont disponibles :des terrains agricoles , industriels , des terrains de lotissement ,de loisir et des villas",fr,122,neutre_negatif,0.6,"Prix absent, pas d'agence, description trop idyllique",
31,"Descriptionnous offrons à nos précieux clients 8 hectares nu de terrain plat et excellente nappe phréatique, à 350 mètres de la route goudronnée, à 47 km de tunis, la capitale. terrain adapté à tous types d'agriculture. certificat de propriété individuelle. prix : 320 000 dinars.page officielle et tiktok -youtube : immobilier harabi pro businessvisite sur rdv a l'avancepour profiter cette offre et pour plus d'information :contactez: mr harabi alitel: 22516198whatsapp 216 55357150rue habib bourguiba birmchergua 1141première visite 30 dt et le reste des visites sont gratuites ,beaucoup d' autres offres sont disponibles :des terrains agricoles , industriels , des terrains de lotissement ,de loisir et des villas#fyp #foryoupage #immobili#harabi#pro #business#immobiliere",affare,0,,0,0.0,"Descriptionnous offrons à nos précieux clients 8 hectares nu de terrain plat et excellente nappe phréatique, à 350 mètres de la route goudronnée, à 47 km de tunis, la capitale. terrain adapté à tous types d'agriculture. certificat de propriété individuelle. prix : 320 000 dinars.page officielle et tiktok -youtube : immobilier harabi pro businessvisite sur rdv a l'avancepour profiter cette offre et pour plus d'information :contactez: mr harabi alitel: 22516198whatsapp 216 55357150rue habib bourguiba birmchergua 1141première visite 30 dt et le reste des visites sont gratuites ,beaucoup d' autres offres sont disponibles :des terrains agricoles , industriels , des terrains de lotissement ,de loisir et des villas fyp foryoupage immobili harabi pro business immobiliere",fr,114,neutre_negatif,0.68,"Prix present, mais template copier-coller et hashtags",
33,"DescriptionÀ VENDRE | Villa d' exception  - BizerteComposition* Salon lumineux et accueillant à l'entrée.* Vaste séjour baigné de lumière naturelle.* Salle à manger spacieuse.* Cuisine richement équipée.* Salle d'eau pour les invités.* Une belle terrasse donnant directement sur le jardin.Espace NuitLe premier étage, d'une surface de 146 m², est dédié à l'espace nuit :* Trois chambres à coucher, dont une suite parentale avec salle de bain privée.* Deux chambres dotées d'un vaste balcon offrant une vue imprenable sur la mer.* Une salle de bain commune.Équipements et CommoditésCette villa est équipée pour un confort optimal et une sécurité renforcée :* Abri pour au moins trois voitures.* Climatisation split dans toutes les pièces.* Système de caméras de surveillance.* Installation de panneaux photovoltaïques pour une énergie durable.Le terrain dispose également d'un sondage de 50 m² (eau douce abandonnée).https://www.collectionimmo.tn/.../117625-villa-d...Merci de nous contacter :Téléphone / Whatsapp : +216 55 659 900Email : contact@collectionimmo.tn",affare,0,,0,0.0,"DescriptionÀ VENDRE Villa d' exception - BizerteComposition Salon lumineux et accueillant à l'entrée. Vaste séjour baigné de lumière naturelle. Salle à manger spacieuse. Cuisine richement équipée. Salle d'eau pour les invités. Une belle terrasse donnant directement sur le jardin.Espace NuitLe premier étage, d'une surface de 146 m², est dédié à l'espace nuit : Trois chambres à coucher, dont une suite parentale avec salle de bain privée. Deux chambres dotées d'un vaste balcon offrant une vue imprenable sur la mer. Une salle de bain commune.Équipements et CommoditésCette villa est équipée pour un confort optimal et une sécurité renforcée : Abri pour au moins trois voitures. Climatisation split dans toutes les pièces. Système de caméras de surveillance. Installation de panneaux photovoltaïques pour une énergie durable.Le terrain dispose également d'un sondage de 50 m² (eau douce abandonnée).https://www.collectionimmo.tn/.../117625-villa-d...Merci de nous contacter :Téléphone / Whatsapp : 216 55 659 900Email : contact collectionimmo.tn",fr,148,neutre_positif,0.8,"Description detaillee, mais sans prix ni agence",
34,"Description📍 RIADH EL ANDALOUS – APPARTEMENTS S+3 À VENDREL'agence MON_RÈSEAU IMMOBILIER vous propose 3 appartements S+3 haut standing dans une résidence R+3 gardée et sécurisée, proche de toutes commodités.Disponibilités :A1 : 120,796 m²A4 : 119,915 m²Caractéristiques communes :Suite parentale avec salle de douche et dressingPlace de parking au sous-sol incluseChauffage central et climatisationBalcon, cuisine équipée avec séchoir🚨 Direct promoteur📅 Remise des clés : Décembre 2025💰 Prix de vente : 390 000 DT HTVA📞 Contactez notre conseillère en immobilier :Téléphone : +216 53 728 138WhatsApp : +216 53 728 138E-mail : monreseau.immo@outlook.com",affare,5,📍 🚨 📅 💰 📞,2,0.0549,"Description RIADH EL ANDALOUS APPARTEMENTS S 3 À VENDREL'agence MON_RÈSEAU IMMOBILIER vous propose 3 appartements S 3 haut standing dans une résidence R 3 gardée et sécurisée, proche de toutes commodités.Disponibilités :A1 : 120,796 m²A4 : 119,915 m²Caractéristiques communes :Suite parentale avec salle de douche et dressingPlace de parking au sous-sol incluseChauffage central et climatisationBalcon, cuisine équipée avec séchoir Direct promoteur Remise des clés : Décembre 2025 Prix de vente : 390 000 DT HTVA Contactez notre conseillère en immobilier :Téléphone : 216 53 728 138WhatsApp : 216 53 728 138E-mail : monreseau.immo outlook.com",fr,94,positif,0.95,"Agence identifiee, prix implicite, details sur biens",
35,"DescriptionMahjoub met à la venteun terrain à vendre dans un quartier calme, Au bord de la mer de Bizerte, à EL Ksiba , dans le gouvernorat de Bizerte.Proche de toutes commodités, idéal pour la construction d'une maison.Superficie : 254 m²Documents fournis : titre foncier collectifPrix de vente : +216 977 64800Pour plus d'informations, contactez-nous au +216 977 64800Pour une visite, veuillez prendre rendez-vous.Frais de visite : 30 dinarsBienvenue, merci.",affare,0,,0,0.0,"DescriptionMahjoub met à la venteun terrain à vendre dans un quartier calme, Au bord de la mer de Bizerte, à EL Ksiba , dans le gouvernorat de Bizerte.Proche de toutes commodités, idéal pour la construction d'une maison.Superficie : 254 m²Documents fournis : titre foncier collectifPrix de vente : 216 977 64800Pour plus d'informations, contactez-nous au 216 977 64800Pour une visite, veuillez prendre rendez-vous.Frais de visite : 30 dinarsBienvenue, merci.",fr,69,neutre_positif,0.85,"Prix et statut clairs, mais pas d'agence identifiee",
36,DescriptionÀ Louer | un luxieux Etage de Villa S+2 Front Mer à  BizerteCollection IMMO vous propose pour la location un Etage S+2  situé au  1er Etage  d'une belle demeure  sécurisée à Bizerte.Composition:Un vaste salon lumineux avec une superbe terrasse vue directe sur MerUne cuisine équipée2 chambres à coucher dont une suite parentale avec dressing et terrasseUne salle de bain communeUn Abri de voitureCaractéristiques :Agencement idéaleChauffage centralehttps://www.collectionimmo.tn/.../118642-etage-de-villa...Pour avoir plus d'informationscontactez-nous :Téléphone/Whatsapp : +216 55 659 900E-mail : contact@collectionimmo.tn,affare,0,,0,0.0,DescriptionÀ Louer un luxieux Etage de Villa S 2 Front Mer à BizerteCollection IMMO vous propose pour la location un Etage S 2 situé au 1er Etage d'une belle demeure sécurisée à Bizerte.Composition:Un vaste salon lumineux avec une superbe terrasse vue directe sur MerUne cuisine équipée2 chambres à coucher dont une suite parentale avec dressing et terrasseUne salle de bain communeUn Abri de voitureCaractéristiques :Agencement idéaleChauffage centralehttps://www.collectionimmo.tn/.../118642-etage-de-villa...Pour avoir plus d'informationscontactez-nous :Téléphone/Whatsapp : 216 55 659 900E-mail : contact collectionimmo.tn,fr,79,neutre_positif,0.85,"Agence identifiee, composition detaillee, mais sans prix",
37,Description📍 EL MENZAH 9 : TERRAIN À VENDREL'agence #MON_RESEAU vous propose à la vente un terrain isolé vocation R+2 de 621 m2 dans un quartier résidentiel proche de toutes commodités🚨Prix du m2 : 1530 dinars🚨Certificat de Propriété en Règle🚨Possibilité de bâti en R+2Contactez-nous dès maintenant pour plus de détails et ne manquez pas cette occasion exceptionnelle !☎️Téléphone :  +216 53 728 138WhatsApp :  + 216 53 728 138,affare,5,📍 🚨 ☎,3,0.0735,Description EL MENZAH 9 : TERRAIN À VENDREL'agence MON_RESEAU vous propose à la vente un terrain isolé vocation R 2 de 621 m2 dans un quartier résidentiel proche de toutes commodités Prix du m2 : 1530 dinars Certificat de Propriété en Règle Possibilité de bâti en R 2Contactez-nous dès maintenant pour plus de détails et ne manquez pas cette occasion exceptionnelle ! Téléphone : 216 53 728 138WhatsApp : 216 53 728 138,fr,73,positif,0.98,"Agence, prix, statut juridique, details",
38,DescriptionGHAZELA : APPARTEMENT S+3 A VENDREL'agence #MON_RÈSEAU met la vente d'un appartement s+3 de 147 m2 au 3 eme étage avec ascenseur dans une résidence gardée et sécurisée proches de toutes commodités.Il se compose d':- Un salon avec balcon- Une cuisine équipée avec séchoir- Une salle de bain- Une salle d'eau- deux chambres à coucher avec Dressing- Suite parentale avec salle d'eau et dressing- Dressings- Un chauffage central‐ Climatisation- Deux Places de parking sous sol- Gardiennage et syndicPRIX DE VENTE : 370 MD🚨CONTRAT DE VENTEPour de plus amples informations veuillez contacter notre conseillère en immobilier :☎️Téléphone : +216 98 115 202 / + 216 53 728 138📭WhatsApp : ⁨⁨ +216 98 115 202📧E-mail : monreseau.immo@outlook.com,affare,4,🚨 ☎ 📭 📧,1,0.0348,DescriptionGHAZELA : APPARTEMENT S 3 A VENDREL'agence MON_RÈSEAU met la vente d'un appartement s 3 de 147 m2 au 3 eme étage avec ascenseur dans une résidence gardée et sécurisée proches de toutes commodités.Il se compose d':- Un salon avec balcon- Une cuisine équipée avec séchoir- Une salle de bain- Une salle d'eau- deux chambres à coucher avec Dressing- Suite parentale avec salle d'eau et dressing- Dressings- Un chauffage central Climatisation- Deux Places de parking sous sol- Gardiennage et syndicPRIX DE VENTE : 370 MD CONTRAT DE VENTEPour de plus amples informations veuillez contacter notre conseillère en immobilier : Téléphone : 216 98 115 202 / 216 53 728 138 WhatsApp : 216 98 115 202 E-mail : monreseau.immo outlook.com,fr,120,neutre_positif,0.85,Agence et details mais sans prix ni statut juridique,
40,"Description🔹MAXULA IMMOBILIERE vous propose à la VENTE un APPARTEMENT S+2 RÉNOVÉ d'une superficie d'environ 75m², situé au 4ème et dernier étage d'un immeuble calme et bien situé à RADES SNIT (CHEMINOT).

🔹Le bien se compose de:
 ✅Un SALON lumineux.
 ✅2 CHAMBRES À COUCHER.
 ✅Une SALLE DE DOUCHE moderne.
 ✅Une CUISINE avec rangements et séchoir attenant.

🔹L'APPARTEMENT est raccordé au GAZ DE VILLE, possède un CLIMATISEUR et des STORES MANUELS.

💵Le PRIX est de 100 000 TND.

Pour plus de renseignements, n'hésitez pas à nous contacter :
✉️ info@maxulaimmobiliere.tn
☎️ +21628808309.",affare,10,🔹 ✅ 💵 ✉ ☎,1,0.1111,"Description MAXULA IMMOBILIERE vous propose à la VENTE un APPARTEMENT S 2 RÉNOVÉ d'une superficie d'environ 75m², situé au 4ème et dernier étage d'un immeuble calme et bien situé à RADES SNIT (CHEMINOT). Le bien se compose de: Un SALON lumineux. 2 CHAMBRES À COUCHER. Une SALLE DE DOUCHE moderne. Une CUISINE avec rangements et séchoir attenant. L'APPARTEMENT est raccordé au GAZ DE VILLE, possède un CLIMATISEUR et des STORES MANUELS. Le PRIX est de 100 000 TND. Pour plus de renseignements, n'hésitez pas à nous contacter : info maxulaimmobiliere.tn 21628808309.",fr,91,positif,0.98,"Agence identifiee, details complet, statut clair",
41,DescriptionA louer un luxueux S+1 Jamais habité à Menzah 9c dans une résidence sécurisée et gardéeEmplacement : Menzah 9cTypologie : S+1Composition :salon avec balconChambre à coucher avec dressingSalle de bain (Cabine de douche)cuisine équipée1 Place ParkingChauffage centraleClimatiseursPrix 1100dt y compris frais de syndicPlus de détails et d'informationsveuillez nous contacter24 657 657,affare,0,,0,0.0,DescriptionA louer un luxueux S 1 Jamais habité à Menzah 9c dans une résidence sécurisée et gardéeEmplacement : Menzah 9cTypologie : S 1Composition :salon avec balconChambre à coucher avec dressingSalle de bain (Cabine de douche)cuisine équipée1 Place ParkingChauffage centraleClimatiseursPrix 1100dt y compris frais de syndicPlus de détails et d'informationsveuillez nous contacter24 657 657,fr,53,neutre_positif,0.85,"Description detaillee, prix clair, mais pas d'agence",
42,"DescriptionÀ vendre chez Green Immobilier une demeure bien située à Hammamet zone sidi hamedElle s'étend sur un terrain de 650 m² avec une superficie habitable de 400 m².elle offre:-un salon salle a manger-une cuisine bien aménagée-quatre suites composée, une chambre, une salle de bain, dressing- jardin-Terrasse-piscine-place de parkingLa villa est équipée par un chauffage central et un system de climatisationWhatsApp: 21698100513Prix demandé : 1200.000 MDTvotre satisfaction est notre priorité",affare,0,,0,0.0,"DescriptionÀ vendre chez Green Immobilier une demeure bien située à Hammamet zone sidi hamedElle s'étend sur un terrain de 650 m² avec une superficie habitable de 400 m².elle offre:-un salon salle a manger-une cuisine bien aménagée-quatre suites composée, une chambre, une salle de bain, dressing- jardin-Terrasse-piscine-place de parkingLa villa est équipée par un chauffage central et un system de climatisationWhatsApp: 21698100513Prix demandé : 1200.000 MDTvotre satisfaction est notre priorité",fr,69,positif,0.95,"Agence identifiee, details sur le bien",
43,"Description📍 CITE EZZOUHOUR 4 - TUNIS : ETAGE  À VENDREL'agence #MON_RESEAU met à la vente d'un spacieux étage de villa S+3 et un studios s+1 en très bonnes état de 269 m2 avec entrée indépendante dans un quartier résidentiel proches de toutes commoditésIl se compose d':- un grand salon avec balcon- Trois chambres à coucher- Une cuisine aménagée avec un terrasse- Salle de bain avec doucheCERTIFICAT DE PROPRIÉTÉ EN RÈGLEPrix de Vente : 280 MDPour plus d'informations, contactez notre conseillère en immobilier :☎️ Téléphone : +216 53 728 138📬 WhatsApp : +216 53 728 138",affare,3,📍 ☎ 📬,0,0.0316,"Description CITE EZZOUHOUR 4 - TUNIS : ETAGE À VENDREL'agence MON_RESEAU met à la vente d'un spacieux étage de villa S 3 et un studios s 1 en très bonnes état de 269 m2 avec entrée indépendante dans un quartier résidentiel proches de toutes commoditésIl se compose d':- un grand salon avec balcon- Trois chambres à coucher- Une cuisine aménagée avec un terrasse- Salle de bain avec doucheCERTIFICAT DE PROPRIÉTÉ EN RÈGLEPrix de Vente : 280 MDPour plus d'informations, contactez notre conseillère en immobilier : Téléphone : 216 53 728 138 WhatsApp : 216 53 728 138",fr,97,positif,0.95,"Agence identifiee, prix absent mais details etat",
44,DescriptionÀ vendre chez GreenImmobilierune demeure bien située à HammametElle s'étend sur un terrain de 115 m² avec une superficie habitable de 315 m².elle offre:-Trois salon salle a manger-Trois cuisine bien aménagée-Six chambresWhatsApp: +21698100513Prix demandé : 340.000 MDTvotre satisfaction est notre priorité,affare,0,,0,0.0,DescriptionÀ vendre chez GreenImmobilierune demeure bien située à HammametElle s'étend sur un terrain de 115 m² avec une superficie habitable de 315 m².elle offre:-Trois salon salle a manger-Trois cuisine bien aménagée-Six chambresWhatsApp: 21698100513Prix demandé : 340.000 MDTvotre satisfaction est notre priorité,fr,41,neutre_positif,0.85,"Agence, prix, details mais seul numero WhatsApp",
51,"Description📍 RIADH EL ANDALOUS : FONDS DE COMMERCE À VENDREL'agence #MON_RESEAU met à la vente un fonds de commerce idéalement situé sur un artère principale dans un emplacement stratégique, bénéficiant d'un bon passage et proche de toutes commodités.Il se compose de :• Superficie : 54 m²• Local prêt à l'exploitation• Loyer mensuel : 3000 DT / mois💰 Prix de vente du fonds : 80.000 DTPour de plus amples informations ou pour programmer une visite, veuillez contacter nos conseillers en immobilier :☎️ Téléphone : +216 98 115 202 / 94 115 303 / 53 728 138📭 WhatsApp : +216 98 115 202📧 E-mail : monreseau.immo@outlook.com",affare,5,📍 💰 ☎ 📭 📧,1,0.0481,"Description RIADH EL ANDALOUS : FONDS DE COMMERCE À VENDREL'agence MON_RESEAU met à la vente un fonds de commerce idéalement situé sur un artère principale dans un emplacement stratégique, bénéficiant d'un bon passage et proche de toutes commodités.Il se compose de : Superficie : 54 m² Local prêt à l'exploitation Loyer mensuel : 3000 DT / mois Prix de vente du fonds : 80.000 DTPour de plus amples informations ou pour programmer une visite, veuillez contacter nos conseillers en immobilier : Téléphone : 216 98 115 202 / 94 115 303 / 53 728 138 WhatsApp : 216 98 115 202 E-mail : monreseau.immo outlook.com",fr,105,positif,0.95,"Agence identifiee, prix clair, details sur le bien",
46,"DescriptionL'agence #MON_RÉSEAU met à la vente un appartement s+4 de 190 m2 au 6 éme étage avec double ascenseurs dans une résidence sécurisée , situé à proximité de toutes commodités.Il se compose d':-Un salon spacieux avec balcon- Séjour- Une cuisine équipée avec séchoir- Deux chambres coucher avec placards-Une suite parentale avec salle de bain et balai- Une salle de bain- Une salle d'eau- Climatisation- Chauffage central- Place de parking sous sol- Gardiennage et syndic🚨 CONTRAT DE VENTEPrix de vente : 395 MDPour de plus amples informations veuillez contacter nos conseillères en immobilier :☎️Téléphone : +216 98 115 202: +216 53 728 138",affare,2,🚨 ☎,1,0.0196,"DescriptionL'agence MON_RÉSEAU met à la vente un appartement s 4 de 190 m2 au 6 éme étage avec double ascenseurs dans une résidence sécurisée , situé à proximité de toutes commodités.Il se compose d':-Un salon spacieux avec balcon- Séjour- Une cuisine équipée avec séchoir- Deux chambres coucher avec placards-Une suite parentale avec salle de bain et balai- Une salle de bain- Une salle d'eau- Climatisation- Chauffage central- Place de parking sous sol- Gardiennage et syndic CONTRAT DE VENTEPrix de vente : 395 MDPour de plus amples informations veuillez contacter nos conseillères en immobilier : Téléphone : 216 98 115 202: 216 53 728 138",fr,104,neutre_positif,0.85,"Agence identifiee, details sur bien, mais sans prix",
48,"DescriptionAgence Les Arcades met pour la location🔑un appartement haut standing avec une vue de mer 🌟de type s+2 avec une place de parking au sous sol ,situé dans une résidence en face de la mer a la Falaise de Monastir💡Surface totale : 100m²💡Y compris une place de parking au sous sol.👉pour plus d'informations contacter notre Agence:🤗☎ (00 216 )24 87 24 87 / (00 216) 99 090 006☎💡📧 mail: agencelesarcadesimmo@gmail.com",affare,10,🔑 🌟 💡 👉 🤗 ☎ 📧,2,0.1429,"DescriptionAgence Les Arcades met pour la location un appartement haut standing avec une vue de mer de type s 2 avec une place de parking au sous sol ,situé dans une résidence en face de la mer a la Falaise de Monastir Surface totale : 100m² Y compris une place de parking au sous sol. pour plus d'informations contacter notre Agence: (00 216 )24 87 24 87 / (00 216) 99 090 006 mail: agencelesarcadesimmo gmail.com",fr,76,positif,0.98,"Agence identifiee, details complets, contact multiple",
49,"Descriptionl'agence Darek Immob propose à la location un très joli bureau hs en open space plus 6 pièces ,surface 286 m² ,situé dans un immeuble bureautique en très bonne état dans la zone d'affaire kheiredine kram (lac 3) ,il présente les caractéristiques suivantes:open space plus 6 pièces286 m²câblage réseausurface amovibleclimatisation centralefaux plafondsdouble vitrageascenseurplace de parking au sous solgardienprix : 5245 dt/ht/mois retenue à la source inclusepour plus d'info veuillez contacter notre agence au 51603900/99603906/51614130",affare,0,,0,0.0,"Descriptionl'agence Darek Immob propose à la location un très joli bureau hs en open space plus 6 pièces ,surface 286 m² ,situé dans un immeuble bureautique en très bonne état dans la zone d'affaire kheiredine kram (lac 3) ,il présente les caractéristiques suivantes:open space plus 6 pièces286 m²câblage réseausurface amovibleclimatisation centralefaux plafondsdouble vitrageascenseurplace de parking au sous solgardienprix : 5245 dt/ht/mois retenue à la source inclusepour plus d'info veuillez contacter notre agence au 51603900/99603906/51614130",fr,74,positif,0.95,"Agence identifiee, prix absent mais details sur bien",
50,"Description📍 CITE ENNOZHA - ARIANA : DES BUREAUX NEUFS H+2 À LOUERL'agence #MON_RÉSEAU met à la location des bureaux neufs +2 au 1er et 2eme etage de haut standing avec ascenseur dans une résidence exclusivement bureautique récemment construite sur un artère principale proches de toutes commoditésIl se compose de :- Hall- deux pièces- salle d'eau- Une kitchenette- Climatisation chaud et froid- Gardiennage et syndicPrix de location : sur demande🚨L'immeuble est sécurisé et bien situé à proximité des principales commodités.Pour plus d'informations, contactez notre conseillère en immobilier :☎️ Téléphone : +216 53 728 138📭 WhatsApp : +216 53 728 138📧 E-mail : monreseau.immo@outlook.com",affare,5,📍 🚨 ☎ 📭 📧,1,0.049,"Description CITE ENNOZHA - ARIANA : DES BUREAUX NEUFS H 2 À LOUERL'agence MON_RÉSEAU met à la location des bureaux neufs 2 au 1er et 2eme etage de haut standing avec ascenseur dans une résidence exclusivement bureautique récemment construite sur un artère principale proches de toutes commoditésIl se compose de :- Hall- deux pièces- salle d'eau- Une kitchenette- Climatisation chaud et froid- Gardiennage et syndicPrix de location : sur demande L'immeuble est sécurisé et bien situé à proximité des principales commodités.Pour plus d'informations, contactez notre conseillère en immobilier : Téléphone : 216 53 728 138 WhatsApp : 216 53 728 138 E-mail : monreseau.immo outlook.com",fr,105,neutre_positif,0.85,"Agence identifiee, mais sans prix ni statut juridique",
54,"Description📍 RIADH ANDALOUS – FONDS DE COMMERCE À VENDREOpportunité à saisir !Fonds de commerce de 100 m² idéal pour toute activité, situé dans un quartier très animé et à fort passage, offrant une excellente visibilité.🔹 Caractéristiques :• Espace clients à l'entrée d'environ 35 m²• Cuisine intérieure + point d'eau d'environ 25 m²• Mezzanine aménagée abritant la cuisine principale d'environ 40 m²• Monte-charge fonctionnel reliant les niveaux• Local bien agencé et exploitable immédiatement💰 Loyer : 3 000 DT / mois💰 Prix de vente : 155 MD à débattrePour de plus amples informations veuillez contacter nos conseillères en immobilier :☎️Téléphone : +216 98 115 202 / +216 53 728 138📭WhatsApp : ⁨⁨ +216 53 728 138",affare,6,📍 🔹 💰 ☎ 📭,2,0.0526,"Description RIADH ANDALOUS FONDS DE COMMERCE À VENDREOpportunité à saisir !Fonds de commerce de 100 m² idéal pour toute activité, situé dans un quartier très animé et à fort passage, offrant une excellente visibilité. Caractéristiques : Espace clients à l'entrée d'environ 35 m² Cuisine intérieure point d'eau d'environ 25 m² Mezzanine aménagée abritant la cuisine principale d'environ 40 m² Monte-charge fonctionnel reliant les niveaux Local bien agencé et exploitable immédiatement Loyer : 3 000 DT / mois Prix de vente : 155 MD à débattrePour de plus amples informations veuillez contacter nos conseillères en immobilier : Téléphone : 216 98 115 202 / 216 53 728 138 WhatsApp : 216 53 728 138",fr,113,neutre_negatif,0.6,"Prix absent, template copier-coller, pas d'agence",
55,"Description📍 ARIANA ESSOUGHRA: REZ-DE-CHAUSSÉE DE VILLA S+3 MEUBLÉ JAMAIS HABITÉ A LOUERL'agence #MON_RESEAU met à la location d'un rez-de-chaussée de villa S+3 richement meublé de dans un quartier résidentiel , proches de toutes commodités 5 mm a la faculté EspritIl se compose d':- Salon salle a manger- Une cuisine équipée- Trois chambres à coucher- Salle de bain avec Douche- Salle d'eau- TerrassePrix de la location : 1800 TNDPour plus d'informations, contactez notre conseillère en immobilier :☎️ Téléphone : +216 53 728 138 / 98 115 202📬 WhatsApp : +216 53 728 138 / 98 115 202",affare,3,📍 ☎ 📬,0,0.0312,"Description ARIANA ESSOUGHRA: REZ-DE-CHAUSSÉE DE VILLA S 3 MEUBLÉ JAMAIS HABITÉ A LOUERL'agence MON_RESEAU met à la location d'un rez-de-chaussée de villa S 3 richement meublé de dans un quartier résidentiel , proches de toutes commodités 5 mm a la faculté EspritIl se compose d':- Salon salle a manger- Une cuisine équipée- Trois chambres à coucher- Salle de bain avec Douche- Salle d'eau- TerrassePrix de la location : 1800 TNDPour plus d'informations, contactez notre conseillère en immobilier : Téléphone : 216 53 728 138 / 98 115 202 WhatsApp : 216 53 728 138 / 98 115 202",fr,98,neutre_positif,0.85,"Agence mentionnee, mais pas de prix ni statut",
56,"Description📍LES BERGES DU LAC 1 : APPARTEMENT S+3 À VENDREL' Agence #MON_RÉSEAU vous propose à la vente un bel appartement s+3 de 148 m2 , situé au 3ᵉ étage avec ascenseur, au sein d'une résidence R+3 sécurisée et gardée, dans l'un des quartiers résidentiels les plus prisés des Berges du Lac 1.Ce superbe appartement S+3 offre un cadre de vie raffiné alliant confort, élégance et sérénité idéal pour une résidence principale ou investissement.Il se distingue par :- Un vaste salon – salle à manger lumineuse ouvrant sur un balcon- Une cuisine entièrement équipée, avec séchoir- Une salle d'eau pour invités- Une salle de bain- Trois chambres à coucher, dont deux avec dressings intégrés, offrant fonctionnalité et rangements optimisés- Climatisation Central-Chauffage central🚗 Place de parking au sous-sol📍 Emplacement privilégié, calme et sécurisé, à proximité immédiate des écoles, commerces, restaurants et principaux axes.🚨 CERTIFICAT DE PROPRIÉTÉ EN RÈGLE🚨 ANNÉE DE CONSTRUCTION 2010Pour de plus amples informations veuillez contacter notre conseillère en immobilier :📲Téléphone : +216 98 115 202 / +216 53 728 138📲WhatsApp : +216 98 115 202E-mail : monreseau.immo@outlook.com",affare,7,📍 🚗 🚨 📲,2,0.0393,"Description LES BERGES DU LAC 1 : APPARTEMENT S 3 À VENDREL' Agence MON_RÉSEAU vous propose à la vente un bel appartement s 3 de 148 m2 , situé au 3ᵉ étage avec ascenseur, au sein d'une résidence R 3 sécurisée et gardée, dans l'un des quartiers résidentiels les plus prisés des Berges du Lac 1.Ce superbe appartement S 3 offre un cadre de vie raffiné alliant confort, élégance et sérénité idéal pour une résidence principale ou investissement.Il se distingue par :- Un vaste salon salle à manger lumineuse ouvrant sur un balcon- Une cuisine entièrement équipée, avec séchoir- Une salle d'eau pour invités- Une salle de bain- Trois chambres à coucher, dont deux avec dressings intégrés, offrant fonctionnalité et rangements optimisés- Climatisation Central-Chauffage central Place de parking au sous-sol Emplacement privilégié, calme et sécurisé, à proximité immédiate des écoles, commerces, restaurants et principaux axes. CERTIFICAT DE PROPRIÉTÉ EN RÈGLE ANNÉE DE CONSTRUCTION 2010Pour de plus amples informations veuillez contacter notre conseillère en immobilier : Téléphone : 216 98 115 202 / 216 53 728 138 WhatsApp : 216 98 115 202E-mail : monreseau.immo outlook.com",fr,185,neutre_positif,0.85,"Agence identifiee, mais pas de prix ni statut juridique",
57,"DescriptionMahjoub met en vente un Appartement  se compose de quatre étages situéeà Zarzouna, Gouvernorat de Bizerte, TUNISchaque étage  Composée ; D'un Salon + Deux chambres à coucher + cuisine + salle de bainSurface terrain :400 m²Surface bâtie : 100 m²Situation juridique : Titre Foncier individuel .Avec la possibilité de vendre par étagePrix de vente  : 800 mille dinars (TND)Contacter-nous pour plus D'informations : +21697764800mobile international :+0021697764800Planifier votre Rendez-vous sur ma WhatsAppMerci de nous contacter au WhatsApp (+216)97764800Visite sur rdv à l'avanceVisite payante 50 (TND)Bienvenue et merci",affare,0,,0,0.0,"DescriptionMahjoub met en vente un Appartement se compose de quatre étages situéeà Zarzouna, Gouvernorat de Bizerte, TUNISchaque étage Composée ; D'un Salon Deux chambres à coucher cuisine salle de bainSurface terrain :400 m²Surface bâtie : 100 m²Situation juridique : Titre Foncier individuel .Avec la possibilité de vendre par étagePrix de vente : 800 mille dinars (TND)Contacter-nous pour plus D'informations : 21697764800mobile international : 0021697764800Planifier votre Rendez-vous sur ma WhatsAppMerci de nous contacter au WhatsApp ( 216)97764800Visite sur rdv à l'avanceVisite payante 50 (TND)Bienvenue et merci",fr,85,positif,0.98,"Description detaillee, statut juridique, prix clair",
90,"Description📍ENNASR 2 : APPARTEMENT S+1 À LOUERL'agence #MON_RESEAU met à la location un appartement S+1 au Rez de chaussée dans une résidence sécurisée , situé à proximité de toutes commodités.Il se compose d':- Un salon- Une chambres à coucher avec placard- Une cuisine avec séchoir- Une salle d'eau- 2 Climatiseurs- Chauffage central- Gardiennage et syndicPrix de location : 900 TND y compris frais de syndicPour de plus amples informations veuillez contacter nos conseillères en immobilier :☎️Téléphone : +216 98 115 202",affare,2,📍 ☎,0,0.0247,"Description ENNASR 2 : APPARTEMENT S 1 À LOUERL'agence MON_RESEAU met à la location un appartement S 1 au Rez de chaussée dans une résidence sécurisée , situé à proximité de toutes commodités.Il se compose d':- Un salon- Une chambres à coucher avec placard- Une cuisine avec séchoir- Une salle d'eau- 2 Climatiseurs- Chauffage central- Gardiennage et syndicPrix de location : 900 TND y compris frais de syndicPour de plus amples informations veuillez contacter nos conseillères en immobilier : Téléphone : 216 98 115 202",fr,85,positif,0.98,"Agence, prix, statut et details clairs",
3921,"à vendre 136 hectares zitoun à tastour titre bleu,  prix 2 millar et demi négociable pour plus d'informations contacter 52518866",tunisieannonce,0,,0,0.0,"à vendre 136 hectares zitoun à tastour titre bleu, prix 2 millar et demi négociable pour plus d'informations contacter 52518866",fr,20,neutre_positif,0.8,Prix et statut clairs mais sans agence ni email,
59,DescriptionEn ExclusivitéA louer un appartement S+1 à Ennaser dans une résidence sécurisée et gardée.Emplacement : EnnaserTypologie : S+1Composition :salon1 Chambre à coucherSalle de douchekitchenette équipéeChauffage central + 2 climatiseursdressingPrix 1000 y compris frais de syndicPlus de détails et d'informationsveuillez nous contactez sur le24 657 657,affare,0,,0,0.0,DescriptionEn ExclusivitéA louer un appartement S 1 à Ennaser dans une résidence sécurisée et gardée.Emplacement : EnnaserTypologie : S 1Composition :salon1 Chambre à coucherSalle de douchekitchenette équipéeChauffage central 2 climatiseursdressingPrix 1000 y compris frais de syndicPlus de détails et d'informationsveuillez nous contactez sur le24 657 657,fr,46,neutre_positif,0.85,"Prix et composition, mais pas d'agence ni statut juridique",
61,"Descriptionparticulier met en location pour un étranger , à la résidence Erriadh Ennasr2. proche de la mosquée Essalem et magasin général très bel appartement s+1 bien meublé, haut standing et surtout très propre. 
  se compose : 
  Une Entrée indépendante. 
 1 salon spacieuse .
 1 chambre de nuit .
 1 cuisine équipée . 
 1 salle de bain . 
 1 balcon qui s'ouvre sur un espace vert.
 chauffage central + climatisation + 2 tv avec récepteurs et abonnements intégrés + internet wi-fi illimité. 
  Résidence dans un endroit idéal au plein centre du cité Ennasr2, sécurisée gardée jours et nuits.
  prix du loyer à l'année 1200 dt /mois avec 2 mois de caution.
  gsm propriétaire +21655690000
étudiants et agences s'abstenir.",affare,0,,0,0.0,"Descriptionparticulier met en location pour un étranger , à la résidence Erriadh Ennasr2. proche de la mosquée Essalem et magasin général très bel appartement s 1 bien meublé, haut standing et surtout très propre. se compose : Une Entrée indépendante. 1 salon spacieuse . 1 chambre de nuit . 1 cuisine équipée . 1 salle de bain . 1 balcon qui s'ouvre sur un espace vert. chauffage central climatisation 2 tv avec récepteurs et abonnements intégrés internet wi-fi illimité. Résidence dans un endroit idéal au plein centre du cité Ennasr2, sécurisée gardée jours et nuits. prix du loyer à l'année 1200 dt /mois avec 2 mois de caution. gsm propriétaire 21655690000 étudiants et agences s'abstenir.",fr,115,neutre_negatif,0.6,"Ciblage etranger, pas de prix ni d'agence",
62,"Description📍 ENNASR 2 – À DEUX PAS DE L'AVENUE HEDI NOUIRA : ☕ FONDS DE COMMERCE À VENDRE – CAFÉ ÉQUIPÉNous vous proposons à la vente un fonds de commerce café, idéalement situé dans un quartier très animé et recherché d'Ennasr 2, bénéficiant d'une excellente visibilité et d'un fort passage.Le café dispose d'une superficie de 96 m², complétée par une terrasse de 27 m², offrant un cadre agréable pour la clientèle, aussi bien en journée qu'en soirée.✔️ Vente avec matériel complet✔️ Aménagement moderne et fonctionnel✔️ Concept café / brunch prêt à exploiter✔️ Clientèle fidèle et potentiel de développement important✔️ Emplacement stratégiqueCe fonds de commerce représente une opportunité clé en main, idéale pour investisseurs ou professionnels souhaitant démarrer immédiatement une activité rentable.Pour plus d'informations, contactez notre conseillère en immobilier☎️ Téléphone : +216 98 115 202📬 WhatsApp : +216 98 115 202",affare,9,📍 ☕ ✔ ☎ 📬,0,0.0643,"Description ENNASR 2 À DEUX PAS DE L'AVENUE HEDI NOUIRA : FONDS DE COMMERCE À VENDRE CAFÉ ÉQUIPÉNous vous proposons à la vente un fonds de commerce café, idéalement situé dans un quartier très animé et recherché d'Ennasr 2, bénéficiant d'une excellente visibilité et d'un fort passage.Le café dispose d'une superficie de 96 m², complétée par une terrasse de 27 m², offrant un cadre agréable pour la clientèle, aussi bien en journée qu'en soirée. Vente avec matériel complet Aménagement moderne et fonctionnel Concept café / brunch prêt à exploiter Clientèle fidèle et potentiel de développement important Emplacement stratégiqueCe fonds de commerce représente une opportunité clé en main, idéale pour investisseurs ou professionnels souhaitant démarrer immédiatement une activité rentable.Pour plus d'informations, contactez notre conseillère en immobilier Téléphone : 216 98 115 202 WhatsApp : 216 98 115 202",fr,137,neutre_positif,0.8,"Description detaillee, mais sans prix ni contact agence",
64,"DescriptionÀ vendre chez Green Immobilier une demeure bien située à HammametElle s'étend sur un terrain de 614 m² avec une superficie habitable de300 m².elle offre:-un salon salle a manger-une cuisine bien aménagée-une suite composée, une chambre, une salle de bain, dressing-Deux chambres a coucher- jardin-Terrasse-piscine-place de parkingLa villa est équipée par un chauffage central et un système de climatisationWhatsApp: +21698100513Prix sur demandevotre satisfaction est notre priorité",affare,0,,0,0.0,"DescriptionÀ vendre chez Green Immobilier une demeure bien située à HammametElle s'étend sur un terrain de 614 m² avec une superficie habitable de300 m².elle offre:-un salon salle a manger-une cuisine bien aménagée-une suite composée, une chambre, une salle de bain, dressing-Deux chambres a coucher- jardin-Terrasse-piscine-place de parkingLa villa est équipée par un chauffage central et un système de climatisationWhatsApp: 21698100513Prix sur demandevotre satisfaction est notre priorité",fr,66,positif,0.95,"Agence identifiee, details sur le bien",
