id,description_clean,score_final,label_predit,rules_details,nb_emojis,nb_alert_emojis,label_humain,notes
2872,pour courte durée un bel appartement meublé s 1 mis à la location sis dans une belle résidence proche de la clinique hamilcar plus d'infos tél 52 145 909 / 29 688 687 prix 90 dt / jour 630 dt / semaine pour plus d'informations et de photos veuillez visiter notre page facebook l'intégrale immo ou contactez le 70 215 880 / 52 145 909 / 21 001 320,0.24,neutre_positif,contacts_multiples,0,0,neutre_positif,
687,"Description L'agence immobilière Century 21 Prestige vous propose pour la location un bureau Hall 5 situé au Lac 1. Il se compose de : Cinq Bureaux Deux points d'eau Une kitchenette Climatisation en Split Deux Places de parking au sous-sol Pour plus d'informations ou pour organiser une visite, n'hésitez pas à nous contacter : 216 20 09 20 00 / 216 52 101 374 prestige century21.tn",0.261,neutre_positif,absence_prix_bien_cher,1,0,neutre_positif,
1780,"369 univers.a.i, agence immobilière située à la marsa, vous propose à la location un appartement meublé avec terrasse à gammarth. il est composé comme suit: - un salon, une cuisine ouverte avec coin repas, une salle de bain, deux chambres à coucher et une terrasse. cet appartement est richement équipé dans une petite résidence privée. location courte durée seulement offre exclusive minimum de nuitée 7jrs 150dt/nuitée",0.021,positif,aucun,0,0,positif,
82,"Description IMMEUBLE CORPORATE D'EXCEPTION CENTRE VILLE- LAFAYETTE : IMMEUBLE A LOUERL'Agence Mon_Réseau Immobilier vous propse a la location un immeuble R 5 Idéal pour : siège de société, Banqye, Assurance, centre médical, clinique, école privée, centre de formation ou administration. Emplacement stratégique grande visibilité Immeuble spacieux et fonctionnel, parfaitement adapté aux grandes structures.Implantez votre projet dans un immeuble prestigieux, alliant visibilité, confort et organisation optimale.- Superficie : 2 350 m²- 55 bureaux modernes- 20 points d'eau- Climatisation centralisée chaud / froid- Ascenseur- Parking sous solPRIX DU LOYER SUR DEMANDE Opportunité rare sur le marché pour investisseurs et grandes enseignes.Pour de plus amples informations veuillez contacter notre conseillère en immobilier : Téléphone : 216 53 728 138 WhatsApp : 216 53 728 138 E-mail : monreseau.immo outlook.com",0.359,neutre_positif,pression_achat|emojis_excessifs,8,0,neutre_positif,
1684,Description New Key La Marsa vous propose à la location un local commercial situé dans une zone populaire et dynamique à la Marsa cité Riadh . Le local fait 15 m². Référence : 8985A,0.007,positif,aucun,0,0,positif,
1497,"Description NEWKEY LAC 2 propose à la location une villa avec jardin située dans un quartier résidentiel paisible aux Berges du Lac1. Au rez de chaussée on trouve un salon spacieux bien lumineux qui donne sur un petit jardin, un séjour indépendant, une cuisine acessible directement de l'exterieur par la 2ème entrée, un séjour et une salle d'eau invités. L'étage abrite trois chambres à coucher et une salle de bain commune. La maison dispose d'un garage pour une voiture.",0.277,neutre_positif,absence_prix_bien_cher,0,0,neutre_positif,
2816,dar arbi au centre ville de soliman en bon état et elle est prés de marché et de station et des écoles il y a une grande salon et 2 grandes chambres et une cuisine bien équipées et une salle d'eau trés moderne à ne pas rater contacter mm leila.,0.321,neutre_positif,pression_achat,0,0,neutre_positif,
284,"Description L'agence immobilière Century 21 Karaouli vous propose à la location un local commercial sur deux niveaux à L'Aouina, sur une artère principale. Superficie totale : 150 m² Ce bien se compose de : -Open space au rez-de-chaussée -Open space à l'étage -Point d'eau Pour plus d'informations ou pour organiser une visite, n'hésitez pas à nous rappeler au 216 54 70 74 71 / 216 54 70 77 33.",0.042,positif,aucun,0,0,positif,
4567,"appartements s1,s2 et s3 haut standing meublés à louer pour courte durée dans un excellent emplacement à l'aouina résidence zayatine à proximité de monoprix elwahette , des cliniques, des commerces, des restaurants. très proche de la clinique sokra, hannibal. lac 2, sidi bousaid, carthage , marsa a 05 minutes de l'aéroport et 10 mn de centre ville. climatisés et chauffés. internet, et place parking sont à votre disposition. pour plus de renseignements, veuillez me contacter sur mobile et whatsapp: 51476914,",0.25,neutre_positif,absence_prix_bien_cher,0,0,neutre_positif,
104,"Description Frais d'enregistrement 1 (Directe Promoteur) Piscine collective et jardin (S 3 ): superficie allant de 140 m²à partir de 366 000 dt TTC (S 2 ): superficie allant de 130 m²à partir de 343 000 dt TTC Cet Appartement situé dans une petite résidence gardée et sécurisée bénéficie d'un luminosité naturelle Une finition soignée, des matériaux nobles et une architecture moderne. Adresse prestigieuse à Bouhsina Ascenseur Idéal pour Habitation ou investissement grâce à sa rentabilité locatif. Appelez nous pour le visiter gratuitement.Votre conseillère : ACHWEK SEDDIK: 𝐈𝐍𝐅𝐎𝐋𝐈𝐍𝐄 : 21628615615Whatsapp / Botim.Votre Conseiller : ALI ZAATIR : 𝐈𝐍𝐅𝐎𝐋𝐈𝐍𝐄 : 21628614614Whatsapp / Botim. Nos Adresses : Agence Bouhsina : Rue Omar Ibn Abdelaziz Bouhsina Sousse, 4027. 𝐈𝐍𝐅𝐎𝐋𝐈𝐍𝐄 : 21673216390 Agence Khezema : Rue Hassen Ben Said 4051 khezema ouest sousse. 𝐈𝐍𝐅𝐎𝐋𝐈𝐍𝐄: 21673275544.",0.542,neutre_negatif,multiple_whatsapp|promesse_rentabilite|emojis_excessifs|contacts_multiples,16,0,neutre_negatif,
341,"Description L'agence immobilière Century 21 Patrimoine vous propose à la vente un appartement S 4 transformer en S 3 situé à Cité Ennaser 1 Le bien se compose de : Un salon avec balcon Trois chambres à coucher avec dressing Une salle de bain -Une salle d'eau Une cuisine équipée (plaque, hotte et four) avec séchoir -Climatisation en splits et chauffage central Pour plus d'informations, veuillez nous contacter au: 20.559.977 20.559.933",0.059,positif,aucun,0,0,positif,
1919,"l'agence darek immob propose un super immeuble bureautique et commercial situé au lac 3 kram, il présente les caractéristiques suivantes: surface terrain 2000 m² surface bâti :2500 m² avec possibilité d'extension un ou deux étages locaux commerciaux dépôt bureau climatisation toilettes faux plafonds double vitrage prix:4.8 millions de dinars pour plus d'information veuillez contacter le 51603900/99603906/51614130",0.234,neutre_positif,contacts_multiples,0,0,neutre_positif,
2251,agence immobilière sabrina loue des studios des appartements des villas vide ou meublé pour courte ou longue durée 7jours/7j le prix selon la période de location et la maison. contactez agence sabrina sur ce n 22 521 031,0.077,positif,aucun,0,0,positif,
74,"DescriptionÀ vendre chez GreenImmobilierune demeure bien située à Hammamet côté sudElle s'étend sur un terrain de 400 m² avec une superficie habitable de 320 m².elle offre:-un salon salle a manger-une cuisine bien aménagée-une suite composée, une chambre, une salle de bain, dressing-trois chambres à coucher-un jardin-Terrasse-piscine-place de parkingLa villa est équipée par un chauffage centralWhatsApp: 21698100513Prix demandé : 830.000 MDTvotre satisfaction est notre priorité",0.239,neutre_positif,absence_prix_bien_cher,0,0,neutre_positif,
193,"Description Frais d'enregistrement 1 (Directe Promoteur) Cette nouvelle résidence , entouré de verdure ainsi une grande piscine . Cet Appartement situé dans une résidence prés de la mer bénéficie d'un luminosité naturelle Une finition soignée, des matériaux nobles et une architecture moderne. Adresse prestigieuse à KANTAOUI Résidence, gardée et sécurisée. Ascenseur Idéal pour investissement grâce à sa rentabilité locatif Superficie : 67 m². Appelez nous pour le visiter gratuitement. Votre conseillère : ACHWEK SEDDIK: 𝐈𝐍𝐅𝐎𝐋𝐈𝐍𝐄 : 21628615615 Whatsapp / Botim. Votre Conseiller : ALI ZAATIR : 𝐈𝐍𝐅𝐎𝐋𝐈𝐍𝐄 : 21628614614 Whatsapp / Botim. Nos Adresses : Agence Khezema : Rue Hassen Ben Said 4051 khezema ouest sousse. 𝐈𝐍𝐅𝐎𝐋𝐈𝐍𝐄: 21673275544. Agence Bouhsina : Rue Omar Ibn Abdelaziz Bouhsina Sousse, 4027. 𝐈𝐍𝐅𝐎𝐋𝐈𝐍𝐄 : 21673216390.",0.559,neutre_negatif,multiple_whatsapp|promesse_rentabilite|emojis_excessifs|absence_prix_bien_cher|contacts_multiples,16,0,neutre_negatif,
3777,"offre exclusif pour étranger. propriétaire offre pour un étranger une location à l'année d'un appartement s2 bien et luxueusement meublé . situé au 1er étage à la résidence riadh ennasr2, très proche du magasin général gouvernorat d'ariana, sécurisée gardée jours et nuits avec double ascenseurs. appartement de haut standing, état neuf bien lumineux et ensoleillé . se compose de : une entrée, une cuisine indépendante bien équipée ( réfrigérateur micro-ondes fourmachine à laver séchoir. 2 chambres de nuits dont une chambre avec un balcon. un salon une salle de bains. un grand terrasse avec des bacs de plantes très jolies. 2 places de parking au sous-sol. equipé de chauffage central 3 climatiseurs une connexion internet par wifi illimitée télé lcd avec récepteur numérique. prix du loyer à l'année 1600 dt /mois avec 2mois de caution . gsm propriétaire 216 55690000",0.558,neutre_negatif,ciblage_etranger,0,0,negatif,
110,"Description Frais d'enregistrement 1 (Directe Promoteur) Situé dans une prestigieuse adresse à sahloul 4 Appartement bénéficie d'un luminosité naturelle Double Ascenseur Résidence, gardée et sécurisée. Place de Parking : 20 000 dt Idéal pour investissement grâce à sa rentabilité locatif Superficie : 150 m². Appelez nous pour le visiter gratuitement.Votre conseillère : ACHWEK SEDDIK: 𝐈𝐍𝐅𝐎𝐋𝐈𝐍𝐄 : 21628615615Whatsapp / Botim.Votre Conseiller : ALI ZAATIR : 𝐈𝐍𝐅𝐎𝐋𝐈𝐍𝐄 : 21628614614Whatsapp / Botim. Nos Adresses : Agence Khezema : Rue Hassen Ben Said 4051 khezema ouest sousse. 𝐈𝐍𝐅𝐎𝐋𝐈𝐍𝐄: 21673275544. Agence Bouhsina : Rue Omar Ibn Abdelaziz Bouhsina Sousse, 4027. 𝐈𝐍𝐅𝐎𝐋𝐈𝐍𝐄 : 21673216390.",0.539,neutre_negatif,multiple_whatsapp|promesse_rentabilite|emojis_excessifs|contacts_multiples,15,0,neutre_negatif,
4144,joli s2 pres de tout commodité et spacieux 2 min de station denden kitchenette 2 chambres et salon prix est 700 dinars pour plus d'info appelles 95338554,0.011,positif,aucun,0,0,positif,
80,"Descriptionoffre exclusif pour étranger.propriétaire offre pour un étranger une location à l'année d'un appartement s2 bien et luxueusement meublé .situé au 1er étage à la résidence riadh ennasr2, très proche du magasin général gouvernorat d'ariana, sécurisée gardée jours et nuits avec double ascenseurs.appartement de haut standing, état neuf bien lumineux et ensoleillé .se compose de :une entrée,une cuisine indépendante bien équipée ( réfrigérateur micro-ondes fourmachine à laverséchoir.2 chambres de nuits dont une chambre avec un balcon.un salonune salle de bains.un grand terrasse avec des bacs de plantes très jolies.2 places de parkingau sous-sol.equipé de chauffage central 3 climatiseurs une connexion internet par wifi illimitée télé lcd avec récepteur numérique.prix du loyer à l'année 1600 dt /mois avec 2mois de caution .gsm propriétaire 216 55690000",0.561,neutre_negatif,ciblage_etranger,0,0,negatif,
211,"Description Appartement (S 2) vue de Piscine situé dans une résidence pied dans l'eau à Chatt Mariem Place de parking au sous sol Attestation de propriété individuel Appartement bénéficie d'un luminosité naturelle Orientation EST Accès sécurisé dans la résidence avec code et avec caméra de surveillance Ascenseur Une plage privée, des piscines extérieures à l'eau de mer ,des restaurants, des salon de Thé , piscine couverte, salon de coiffure et esthétique ,une salle de jeu, supérette et une aire de jeux pour les enfants pour plus de confort Superficie 95 m². Appelez nous pour le visiter gratuitement. Votre conseillère : ACHWEK SEDDIK: 𝐈𝐍𝐅𝐎𝐋𝐈𝐍𝐄 : 21628615615 Whatsapp / Botim. Votre Conseiller : ALI ZAATIR : 𝐈𝐍𝐅𝐎𝐋𝐈𝐍𝐄 : 21628614614 Whatsapp / Botim. Nos Adresses : Agence Khezema : Rue Hassen Ben Said 4051 khezema ouest sousse. 𝐈𝐍𝐅𝐎𝐋𝐈𝐍𝐄: 21673275544. Agence Bouhsina : Rue Omar Ibn Abdelaziz Bouhsina Sousse, 4027. 𝐈𝐍𝐅𝐎𝐋𝐈𝐍𝐄 : 21673216390.",0.544,neutre_negatif,multiple_whatsapp|emojis_excessifs|absence_prix_bien_cher|contacts_multiples,16,0,neutre_negatif,
1728,"Implantée sur un terrain de superficie totale égale à 2200m² dont 600m² dont l'espace bâtie est une agréable villa avec un piscine. Elle situé à deux minutes de la mer au plein cœur de la zone touristique Hammamet Sud. L'espace bâtie se répartie comme suit : Un rée de chausser avec un large espace parking. En franchissant la partie extérieure, on trouve deux salons avec une salle à manger. Elle comporte deux cuisines équipées et une salle à manger ainsi d'une chambre de service. De plus, un studio individuel se compose d'une suite et un salon extérieur avec une cuisine.Le premier étage se compose de deux suites dont une d'eux possède une chambre dressing, deux chambres à coucher, trois salles de bains et une salle d'eau.",0.242,neutre_positif,absence_prix_bien_cher,0,0,neutre_positif,
5006,"DescriptionL'agence immobilière le Boulevard vous propose : A Vendre Référence : 1319a Un terrain clôturé et viabilisé, situé dans un quartier calme, entourée par des villas à Cité Ennacim (cité Mora), Nabeul. Superficie : 309 m² Façade : 17 mètres Vocation R 2 15 minutes de la plage à pied Proche de toutes les commodités (magasin, restaurant, salle de sport, clinique, transport ) Titre Foncier individuel Prix : 370.000 TND Pour plus d'informations, contactez-nous sur : Téléphone : 29698992 55982862 22232885 WhatsApp : ( 216) 29698992 ( 216) 55982862 ( 216) 22232885 E-mail : leboulevardimmobilier gmail.com Site web : https://www.leboulevardimmo.com/bien/details/122397-terrain-309m-constructible-a-cite-mora-nabeul",0.232,neutre_positif,contacts_multiples,0,0,neutre_positif,
4555,"à vendre chez green immobilier une demeure bien située à hammamet elle s'étend sur un terrain de 220 m² avec une superficie habitable de 180 m². elle offre: - un salon salle à manger - une cuisine bien aménagée - deux suites composées : une chambre, une salle de bain, dressing - une chambre à coucher - un jardin - terrasse - piscine - place de parking la villa est équipée d'un chauffage central et climatisation pré installée prix demandé : 650.000 mdt contact : 00216 98 100 513 votre satisfaction est notre priorité",0.2,neutre_positif,absence_prix_bien_cher,0,0,neutre_positif,
4013,a louer une maison au rez de chaussée . s 3 cuisine un petit jardin situé à sidi salem et prés de toutes les commodités bien située à 5 mn de la plage et à 15 mn du centre ville . tel 55977997 / 53933703 / 55058350,0.214,neutre_positif,contacts_multiples,0,0,neutre_positif,
3863,"on met à la location une magnifique villa de 800m² vide ou meublé, bien situé à menzah1 près pmf. composée de : . un spacieux salon avec une grande terrasse qui donne sur un joli jardin arborée avec grande piscine, une salle à manger et un séjour . 6 chambres à coucher avec dressings, deux salles de bain et une salle d'eau . une spacieuse cuisine équipée . une chambre de gardien . grand jardin . garage qui peut abriter deux voitures elle est équipée de chauffage central et climatisation en split. prix vide 6000 dt / mois prix meublé 8500 dt / mois pour plus d'informations et de photos veuillez visiter notre page facebook l'intégrale immo ou contactez le 70 215 880 / 52 145 909 / 21 001 320",0.226,neutre_positif,contacts_multiples,0,0,neutre_positif,
550,"Description L'agence CENTURY 21 Excellence La Marsa vous propose à la location un local commercial situé à la Marsa Ettabek, sur une artère principale à fort passage, offrant une excellente visibilité. Ce local, d'une superficie de 40 m², se compose de : Un open space Une salle d'eau Toutes activités commerciales sont envisageables, à l'exception des cafés et restaurants. Pour plus d'informations ou pour organiser une visite, contactez-nous : Tél. : 26 447 474 / 28 447 166 E-mail : excellence century21.tn",0.075,positif,aucun,0,0,positif,
3697,"l'agence immobilière relasser vous propose à louer un studio meublé situé au 4 éme étage sis à la place de barcelone au plein centre ville. il est composé d'une chambre à coucher ,un salon, une kitchenette et une douche. prix de location : 650 dinars / mois pour plus d'informations veuillez nous contacter au 216 20 015 980 216 71 351 875.",0.105,positif,aucun,0,0,positif,
2910,"particulier met en location pour étranger, un appartement s 4 meublé haut standing, spacieux neuf. dans une résidence , au cité les palmeraies l'aouina , à proximité du lac 2, se compose : - une salon spacieuse - 4 chambres de nuit dont 1 suite parentale avec sdb . - une cuisine bien équipée séchoir - une 2ème salle de bain avec salle d'eau. - une salle d'eau séparée. - une place de parking au sous-sol , - chauffage central 4 climatiseurs 4 tv. - résidence sécurisée gardée et possède un espace vert agréable avec jardin d'enfants. prix du loyer à l'année 2000 dt/mois avec 2 mois de caution. gsm 216 55 690000",0.53,neutre_negatif,ciblage_etranger,0,0,negatif,
3580,"a vendre villa s 3 plus 3 appartements bâti sur un terrain de 400m² faisant le coin, à l'aouina dans un emplacement stratégique, le rdc contient la villa s 3 avec grand jardin et abri pour les voitures, plus un studio s 1 déjà louer, à l'étage en trouve un appartement s 1 avec terrasse plus un appartement s 2 les deux sont louer. superficie terrain : 400m² superficie bâti : 300m² merci de contacter notre agent en immobilier au 90531973.",0.245,neutre_positif,absence_prix_bien_cher,0,0,neutre_positif,
3411,"à vendre propre s 2 ch style américain au centre ville d'el haouaria cap bon. notre agence ranime immo vous propose pour la vente une maison de style américain (état neuve, construire en 2022), bien placée dans un quartier calme au centre ville d'el haouaria cap bon, bien sécurisée, avec des bons voisins, et proche de toutes les commodités. cette maison est composée par rdc : (salon, chambres à coucher. salles d'eau, cuisine). étage : ( 2 chambres à coucher, salles d'eau, veranda) cette maison à une surface générale de 50 m2 et d'un seul propriétaire. cette maison est équipée par compteur d'eau électricité. le prix est de 95 000dt pour les sérieux. le dossier foncier. occasion à ne pas rater. notre agence est à votre disposition pour toutes informations et conseils nécessaires afin de disposer du bien. tél : 216 23452279 whatsapp : 216 98368348 fcb : ranime immo",0.549,neutre_negatif,urgence_forte|pression_achat,0,0,neutre_negatif,
4996,"DescriptionVilla Leonardo AV1694 A vendre une belle demeure d'une architecture arabesque contemporaine, bien située à Hammamet dans un cadre calme et serein. Érigée sur deux niveaux, elle offre au rez-de-chaussée (186m2) d'un spacieux et lumineux salon salle à manger, une cuisine bien aménagée avec divers rangements et un coin repas ouvert sur une belle terrasse entourant une piscine chauffée, une suite parentale et une salle d'eau invitée. Quant à l'étage (71m2), on trouve deux belles chambres à coucher et une salle l'eau commune. La villa est équipée de chauffage central et de climatisation et elle dispose d'une terrasse couverte et d'un jardin gazonné. Prix : 1 500 000 DT Pour toutes informations nécessaires et éventuelle visite, vous pouvez nous contacter sur le 00216 50 844 610 / 22 605 844 ou par email à mouinimmobilier2016 gmail.com Agence Mouin Immobilier International Vous trouverez toutes nos offres en visitant notre site web www.mouin-immobilier.com",0.071,positif,aucun,0,0,positif,
2053,"à vendre chez green immobilier une demeure bien située à hammamet zone monchar elle s'étend sur un terrain de 635 m² avec une superficie habitable de 300 m². elle offre: -un salon salle a manger -une cuisine bien aménagée -deux suites composées, une chambre, une salle de bain, dressing -deux chambres à coucher -un jardin -terrasse -piscine -place de parking la villa est équipée par un chauffage central whatsapp: 21698100513 prix demandé : 980.000 mdt votre satisfaction est notre priorité",0.212,neutre_positif,absence_prix_bien_cher,0,0,neutre_positif,
1518,"Description NEWKEY Lac 2 vous propose à la location un appartement S 3 avec jardin situé dans une résidence sécurisée, idéalement placée au cœur du Lac 2. Cet appartement se compose d'un salon lumineux ouvrant sur un jardin, d'une cuisine équipée avec un séchoir aménagé en cuisine exterieure et une chambre de service, ainsi qu'une salle d'eau pour les invités. L'espace nuit comprend une suite parentale, deux chambres à coucher et une salle de bain commune. Deux places de parking est disponible au sous-sol de la résidence",0.088,positif,aucun,0,0,positif,
2840,"l'agence immo contact met en location a ennasr 2 pour 1100 dt par mois un s plus 1 meublé ( 50m ) avec chauffage central, climatisation , salle d'eau douche (wb4436) frais de visite 20dt, commission agence 1 mois",0.552,neutre_negatif,frais_visite,0,0,neutre_negatif,
2665,"a vendre a nasser2 coquette villa se compose d'un salon, séjour, 3 chambres à coucher, 2 sdb, s.e, 2 cuisines, garage et jardin. 1050md pour visiter contactez agence immobilière el mostakbel sur le 21291414",0.257,neutre_positif,absence_prix_bien_cher,0,0,neutre_positif,
5499,"Description Frais d'enregistrement 1 (Directe Promoteur) Situé dans une prestigieuse adresse à sahloul 4 Appartement bénéficie d'un luminosité naturelle Double Ascenseur Résidence, gardée et sécurisée. Place de Parking : 20 000 dt Idéal pour investissement grâce à sa rentabilité locatif Superficie : 150 m². Appelez nous pour le visiter gratuitement. Votre conseillère : ACHWEK SEDDIK: 𝐈𝐍𝐅𝐎𝐋𝐈𝐍𝐄 : 21628615615 Whatsapp / Botim. Votre Conseiller : ALI ZAATIR : 𝐈𝐍𝐅𝐎𝐋𝐈𝐍𝐄 : 21628614614 Whatsapp / Botim. Nos Adresses : Agence Khezema : Rue Hassen Ben Said 4051 khezema ouest sousse. 𝐈𝐍𝐅𝐎𝐋𝐈𝐍𝐄: 21673275544. Agence Bouhsina : Rue Omar Ibn Abdelaziz Bouhsina Sousse, 4027. 𝐈𝐍𝐅𝐎𝐋𝐈𝐍𝐄 : 21673216390.",0.539,neutre_negatif,multiple_whatsapp|promesse_rentabilite|emojis_excessifs|contacts_multiples,15,0,neutre_negatif,
619,"Description L'agence immobilière Century 21 Horizon vous propose à la vente un appartement S 3 Totalement rénové, à Menzah 9B au 4ème étage sans ascenseur et d'une superficie de 113 m², composé de : Un salon Trois chambres à coucher Une cuisine équipée Une salle d'eau Une salle de bain Pour plus d'informations, veuillez contacter 216 99 483 349 / 216 54 302 618",0.329,neutre_positif,emojis_excessifs,5,0,neutre_positif,
1912,"speranza immobilière hammamet vous propose à la vente cette villa située à hammamet sud dans un quartier calme et residentiel. l'entrée principale s'ouvre sur un jardin et une picsine. la partie jour se compose par : un salon lumineux et spacieux,une cuisine aménagée par les éléments des rangements nécessaires ,une salle d'eau commune pour les invités,et une suite prentale. au 1 er étage, la partie nuit possède trois suites parentales et une terrasse. ainsi qu'un abri de voiture .",0.201,neutre_positif,absence_prix_bien_cher,0,0,neutre_positif,
2646,"particulier met en location pour étranger, un appartement s 4 meublé haut standing, spacieux neuf. dans une résidence , au cité les palmeraies , à proximité du lac 2, se compose : - une salon spacieuse - 4 chambres de nuit dont 1 suite parentale avec sdb . - une cuisine bien équipée séchoir - une 2ème salle de bain avec salle d'eau. - une salle d'eau séparée. - une place de parking au sous-sol , - chauffage central 4 climatiseurs 4 tv. - résidence sécurisée gardée et possède un espace vert agréable avec jardin d'enfants. prix du loyer à l'année 2200 dt/mois avec 2 mois de caution. gsm 216 55690000",0.529,neutre_negatif,ciblage_etranger,0,0,negatif,
4321,"agence immobilière le carré 9 vous propose à la location un bureau d'une superficie de 161m² situé au 6éme étage d'un immeuble bureautique aux berges du lac 2. le bureau se compose d'un accueil d'entrée, cinq pièces, une kitchenette et une salle d'eau. il est équipé de la climatisation et du chauffage central ainsi une place de parking au sous-sol. il est proposé à 3700dt hors taxe, frais de syndic 250dt par mois. pour plus d'informations veuillez nous contacter au 28177388 ou bien 23219610.",0.035,positif,aucun,0,0,positif,
2484,"triplex s 5 avec piscine à gammarth village superficie : 400 m salon lumineux avec terrasse cuisine salle d'eau invités espace intérieur parking 2 places converti en espace de vie ou salle de courture et loisirs. à l'étage : 3 chambres à coucher avec dressings, dont une avec ba suite parentale avec dressing et salle de bain (cabine de douche) salle de bain commune 2 ème étage : suite parentale avec dressing, balcon et salle de bain (cabine de douche) climatisation centrale chauffage central jardin piscine sur le toit titre bleu papiers en règle tel: 58 825 993",0.212,neutre_positif,absence_prix_bien_cher,0,0,neutre_positif,
2523,"résidence de 932m2, de 3 niveaux avec un 4ème niveau constructible (permis de construction existant) avec titre foncier. elle est composée de 24 pièces qui sont réparties comme suit: 10 double, 6 triple, 2 single, 2 suites (4 pièces double communicantes entre elles) une avec 4 lits et l'autre avec 5 lits. elle est située dans une zone très animée à proximité des restaurants, de grandes surfaces et surtout à 200 m² de la belle plage de boujâafar.",0.06,positif,aucun,0,0,positif,
3515,"vue panoramique sur tunis. deux accès de 2 rue différentes. l'agence immobilière good life vous propose à la location une spacieuse villa qui se compose de: au rez-de-chaussée: salon, séjour, salle à manger, cuisine et salle d'eau. a l'étage: suite parentale avec dressing et salle de bain (avec une baignoire et douche) et 3 chambres à coucher qui se partagent une salle de bain ( baignoire et douche). au rez-de-jardin: un séjour qui ouvre sur le jardin , une chambre, salle d'eau ,salle de douche , une pièce et débarras. deux garages sont à disposition. caméras de surveillance et système d'alarme sont installés. pour une visite ou plus de renseignements, merci de nous contacter par téléphone ou via whatsapp au 29924041.",0.246,neutre_positif,absence_prix_bien_cher,0,0,neutre_positif,
2171,"agence immobilière immoliv met à la location un appartement s2 d'une superficie de 125m2 situé au 5 ème étage dans une résidence gardée et sécurisée à la soukra park. cet appartement contient un salon donnant sur un balcon, une cuisine bien équipée, un séchoir, une salle d'eau, deux chambres à coucher dont une avec dressing et une salle de bain commune. il est doté du chauffage central, de la climatisation en split et d'une place de parking au sous-sol. pour plus d'informations veuillez nous contacter au 25538653",0.055,positif,aucun,0,0,positif,
3762,"maison style arabi dans 308,5m2 a el haouaria cap bon notre agence ranime immo vous propose pour la vente une maison de style arbi (bonne état), avec grande terrasse en face de la mer . bien placée dans un cartier calme a el haouaria cap bon, bien sécurisée, avec des bons voisins, et proche de toutes les commodités. cette maison est composée par : grand salon, 3 chambres à coucher. salle d'eau. cuisine. grande cour (hall) grand garage. cette maison à une surface générale de 308,5m2 cette maison est équipée par compteur d'eau électricité. prix est de 280 000dt pour les sérieux. dossier foncier avec titre bleu. occasion à ne pas rater notre agence est à votre disposition pour toutes informations et conseils nécessaires afin de disposer du bien. tél : ( 216) 23452279 whatsapp : ( 216) 98368348 fcb : ranime immo",0.548,neutre_negatif,urgence_forte|pression_achat,0,0,neutre_negatif,
50,"Description CITE ENNOZHA - ARIANA : DES BUREAUX NEUFS H 2 À LOUERL'agence MON_RÉSEAU met à la location des bureaux neufs 2 au 1er et 2eme etage de haut standing avec ascenseur dans une résidence exclusivement bureautique récemment construite sur un artère principale proches de toutes commoditésIl se compose de :- Hall- deux pièces- salle d'eau- Une kitchenette- Climatisation chaud et froid- Gardiennage et syndicPrix de location : sur demande L'immeuble est sécurisé et bien situé à proximité des principales commodités.Pour plus d'informations, contactez notre conseillère en immobilier : Téléphone : 216 53 728 138 WhatsApp : 216 53 728 138 E-mail : monreseau.immo outlook.com",0.563,neutre_negatif,emojis_excessifs|emojis_alerte|absence_prix_bien_cher,5,1,neutre_negatif,
4086,ifc vous propose à la location un bureau d?une superficie de 190m² situé dans un immeuble bureautique sécurisé à montplaisir . cet espace se compose d?un accueil un open space un bureau deux blocs sanitaires et une cuisine. il est équipé d?un système de climatisation en split. le loyer est de 3000dt/mois (htva) retenue à la source incluse. les frais de syndic sont de 135dt/mois. pour une visite ou pour plus de renseignement n?hésitez pas à nous contacter au numéro suivant (216) notre agence spécialisée en immobilier professionnel a plus de 300 bureaux actuellement disponibles parmi lesquels certainement votre futur adresse. pour consulter toutes nos offres visitez notre site web 5 pieces.,0.057,positif,aucun,0,0,positif,
2218,"l'agence immo contact met en location a ennasr 2 pour 850 dt par mois un s plus 1 (75m) avec chauffage central , climatisation , salle de bain , balcon , séchoir , 2 mois de caution , disponible le 01 04 (wb3592) frais de visite 20dt , commission agence 1 mois",0.558,neutre_negatif,frais_visite,0,0,neutre_negatif,
3443,"à vendre 4,4 hectares sur une colline vue panoramique titre de propriété individuel sur la route goudronnée en face école primaire longue façade sonede et sondage disponibles prix 850md",0.2,neutre_positif,absence_prix_bien_cher,0,0,neutre_positif,
3848,référence ; v 2247 opportunité à saisir luxueux appartement meublé et pieds dans l'eau à plage hammem ghezez ezzahra de type s2 avec terrasse vue sur mer papiers en règles,0.386,neutre_positif,pression_achat,0,0,neutre_positif,
3970,"un de deux appartements de villa. c'est un site où la nuit, un silence n'est perturbé que par le cliquetis musical des vagues et le matin par le gazouillis des oiseaux. notre maison convient aux personnes épuisées de la vie urbaine. ici pas de fêtes ni soirées. a votre disposition est premier étage (9 personnes maximum plus 1 bébé): entrée indépendante, salon, salle à manger, baie vitrée avec sortie sur une terrasse couverte vue mer; cuisine style américain entièrement équipée avec coin petit déjeuner. salle de bain.3 chambres à coucher dont une suite avec sa terrasse couverte meublée vue sur mer et sa salle d'eau. la maison est climatisée, possède une télé écran plat avec chaines satellitaires, accès internet adsl avec wifi, machine à laver, sèche-linge, fer à repasser. a part l'étage, pour vous est un jardin avec une grande terrasse ouverte avec un barbecue, un banc, des tables et des chaises pour des repas en plain air, salle d'eau extérieure; parking pour 3 voitures (les espaces ou",0.228,neutre_positif,absence_prix_bien_cher,0,0,neutre_positif,
4986,"DescriptionA vendre une maison récente de plain pieds qui couvre 201 m², implantée sur un terrain avec titre bleu individuel de 1782 m² à Houmt Souk Riadh Djerba. Dans un quartier résidentiel à proximité de toutes commodités. Elle se compose d'un hall d'entrée, salon, 3 chambres, cuisine et salle de bain. A l'extérieur un studio de 70 m² et un garage de 33 m². Un beau terrain clôture l'ensemble. Divers : Plusieurs terrasses - citerne d'eau - Construction en pierre - Possibilité d'ajout de piscine ....",0.264,neutre_positif,absence_prix_bien_cher,0,0,neutre_positif,
2432,"un immeuble sur un terrain de 470 m² situé dans un bon quartier à hamem chat . au rdc, on a un appartement qui se compose par un salon , une cuisine, 3 chambres et 2 salles de bain et aussi on a un local commercial d'une superficie de 25m² . au 1ére étage ,on a un appartement qui se compose par un salon , une cuisine , 2 chambres et une salle de bain .aussi dans la méme étage on a un autre appartement qui se compose par un salon , une cuisine, 2 chambres et une salle de bain . a l'extérieur, on a 2 terrasses , un garage et un jardin avec un studio . pour plus de renseignements, veuillez contacter l'agent sur le 51658170",0.055,positif,aucun,0,0,positif,
2579,"le patio immobilier tunisie met a la location un duplex s 3 a gammarth golden tulip il se compose : d'un salon ,séjour qui s'ouvre sur le jardin piscine, une cuisine équipée et une salle d'eau invités. a l'étage on trouve trois suites . le duplex il dispose d'un parking , de la climatisation et chauffage centrale. pour plus d'informations merci de nous contacter au 28 287 487.",0.2,neutre_positif,absence_prix_bien_cher,0,0,neutre_positif,
491,"Description L'agence immobilière Century 21 Infinity vous propose à la vente une villa à Sidi Bousaid Emplacement: Sidi Bousaid Superficie: terrain 912 m² / Bâti 550m² Pour plus d'informations, veuillez nous contacter sur le 216 27 876 105 ou 216 25 794 794",0.252,neutre_positif,absence_prix_bien_cher,0,0,neutre_positif,
3459,terrain de 630m2 de vue dégagée à la mer d'el haouaria cap bon notre agence ranime immo vous propose pour la vente de terrain constructible situé a la mer dans un cartier calme orienté par la mer et de vue panoramique a el haouaria cap bon et d'un seul propriétaire. le dossier foncier réglé. surface : 630m2. prix est de 220 000 dt. nb: ne jamais trouver ce terrain pour investir. occasion à ne pas rater. notre agence est à votre disposition pour toutes informations et conseils nécessaires afin de disposer du bien. tél : 216 23452279 whatsapp : 216 98368348,0.532,neutre_negatif,urgence_forte|pression_achat,0,0,neutre_negatif,
3620,"l575 villa orangina a louer pour vos vacances chez l'agence smart owner immobilière hammamet, une belle villa avec piscine située dans un quartier bien sécurisé à hammamet sud à deux minutes de yasmine hammamet. la villa est établie sur deux niveaux: le rez de chaussée se compose d'un joli salon, une salle à manger, une cuisine moderne bien équipée, une chambre à coucher et une salle d'eau pour les invités. quant à l'étage on trouve, trois suites avec leurs propre salles de bain et dressing dont une avec terrasse. a l'extérieur vous bénéficiez d'un joli jardin gazonné, une belle piscine, des banquettes et un place parking. la villa est équipée des climatiseurs. prix: 1100 dt la nuitée. pour éventuelle visite ou plus d'informations veuillez svp contacter mme khouloud sur le 52 177 449 / 54 544 909.",0.069,positif,aucun,0,0,positif,
2446,a vendre villa haut standing a rades surface terrain : 195 m² surface batie : 320 m² rdc independant composé de salon 2 chambre cuisine salle de bain 1er étage et 2éme étage en style americain composé de grand salon 3 chambres salle de bain sale d'eau cuisine,0.21,neutre_positif,absence_prix_bien_cher,0,0,neutre_positif,
1948,a vendre au mourouj2 une spacieuse villa qui fait angle deux rues de 2 niveaux separés le rdc comprends 3 spacieuse chambres un grand salon une salle de bain une cuisine et un couloir l' etage comprends deux appartements un appartement se compose de deux chambres un salon une salle de bain et une cuisine et l' autre appartement se compose de 3 pieces un salon une salle de bain et une cuisine avec un jardin des 4 côtés. une allée pour voitures . superficie de terrain 356m2 avec un titre foncier pour plus de renseignements vous pouvez appeler le 98589503 ou le 53375338 agence immobilière essour,0.27,neutre_positif,absence_prix_bien_cher,0,0,neutre_positif,
2662,"opportunité à ne pas manquer à el menzah 7 ! l'agence l'avenir vous propose à la vente un bel appartement s 3 idéalement situé dans l'un des quartiers les plus recherchés. superficie : 100 m² titre foncier en règle cet appartement vous offre : un salon spacieux et lumineux 3 chambres à coucher confortables une cuisine fonctionnelle une salle de bain une salle d'eau un balcon agréable chauffage central emplacement stratégique : proche de toutes les commodités (écoles, commerces, transports), parfait pour une vie pratique et confortable. prix attractif : 285 000 dt idéal pour habitation familiale ou investissement rentable ! contactez-nous dès maintenant pour une visite : 52 584 047 98 280 035 70 823 176",0.372,neutre_positif,promesse_rentabilite|contacts_multiples,0,0,neutre_positif,
1962,"l'agence immo contact met en location a ennasr 2 pour 2300 dt par mois un s plus 3 hst meublé (140m) avec chauffage central, climatisation, parking sous sol (wb4364) frais de visite 20dt, commission agence 1 mois",0.566,neutre_negatif,frais_visite,0,0,neutre_negatif,
4228,"la maison de l'immobilier vous propose la location d'un plateau moderne en open space avec cinq bureaux d'une superficie globale de700m² au sein d'un immeuble en r3 avec un ascenseur aux berges du lac 1. il se compose d'un open space modulable avec 5 pièces de bureau, trois blocs sanitaires et une kitchenette. il est équipé d'un système de climatisation central chaud et froid",0.056,positif,aucun,0,0,positif,
3827,"manar très bel appartement situé au 1ère étage avec ascenseur se compose d'un grand salon, 2 chambres à coucher, des placards, cuisine, sdb. le tout est équipé du chauffage central. titre individuel. prix demandé 240md pour visiter contactez agence immobilière el mostakbel sur 21 291 414",0.085,positif,aucun,0,0,positif,
4640,"opportunité rare foulpointe - maison style arabesque dans 362m2 au centre ville d'el haouaria cap bon. notre agence ranime immo vous propose pour la vente une maison de style arbi (bonne état), avec grande terrain et jardin implanté, bien placée dans un cartier calme au centre ville d'el haouaria cap bon, bien sécurisé, avec des bons voisins, et proche de toutes les commodités. cette maison est composée par : grand salon, 3 chambres à coucher. salle d'eau. cuisine et grande cour couvert (hall). cette maison à une surface générale de 362m2 cette maison est équipée par compteur d'eau électricité. le prix est de 140 000dt pour les sérieux. nb: dans les 362 m2 il y a autre maison de surface 100m2 avec avancement de 50 le dossier foncier avec titre bleu. occasion à ne pas rater. notre agence est à votre disposition pour toutes informations et conseils nécessaires afin de disposer du bien. tél : ( 216) 23452279 whatsapp : ( 216) 98368348 fcb : ranime immo",0.553,neutre_negatif,urgence_forte|pression_achat,0,0,neutre_negatif,
1824,"villa neuve des 275m2 a la mer el haouaria 8045 notre agence ranime immo vous propose pour la vente une villa neuve et luxe bien placée dans un quartier calme touristique de vue panoramique de la mer. située a la mer d'el haouaria 8045 cap bon. cette villa a une surface couverte de 150m2 dans un terrain de 275m2. cette villa est composée : de grand salon qui s'ouvrent sur un jardin gazonné et piscine de 8/4m, salle à manger, 2 grandes chambres, cuisine spacieuse bien équipée, salles d'eau, grand terrasse gazonné, entrée de deux voitures, places parkings. cette villa est équipée par compteurs d'électricité, de l'eau, sécurisée par système d'alarmes et proche de toute commodité nécessaire. le dossier foncier est réglé. le prix est de 340 000dt pour les sérieux. notre agence est à votre disposition pour toutes informations et conseils nécessaires afin de disposer du bien. occasion à ne pas rater. tél : 216 23452279 whatsapp : 216 98368348 fcb : ranime immo",0.546,neutre_negatif,urgence_forte|pression_achat,0,0,neutre_negatif,
701,"Description L'agence immobilière Century 21 Infinity vous propose à la location bureaux neuf de type H 1, H 2 et H 3, avec des superficies variant de 50 m² à 132 m² Chaque bureau dispose: -Une kitchenette -Une salle d'eau (selon la superficie) -Une place de parking au sous-sol Espaces fonctionnels, lumineux et adaptés à toute activité professionnelle (cabinet, société de services, profession libérale, etc.). Pour plus d'informations, veuillez nous contacter sur le 216 27 876 105 ou 216 25 794 794",0.021,positif,aucun,0,0,positif,
2620,"a vendre la sté akariet sarraj propose maison style arabe manque de quelque retouche construite sur ( terrain 270m²) à proximité de toutes commodités hammem sousse prés de mosquée el karma skifa, (3) chambres, cuisine, hammam arabe, wc indépandant prix raisonnable: 190.000md ( négociable) infos ligne : 98.740.165 ou 27.457.153 ou 73.274.601",0.08,positif,aucun,0,0,positif,
2242,"occasion à ne pas rater la sté akariet sarraj agence immobilière ( agrée) propose a vendre maison ( style arabe) construite sur ( terrain 184m²) khzema ouest ( oued bliben) rdc : (2) pièces, cuisine, salle d'eau avec douche, terrasse 1ér étage : entré indépandant, salon, deux chambres, cuisine, salle d'eau avec douche documents fournis : papiers en régle prix : 115,000md ( un peux négociable) infos ligne : 98.740.165 ou 27.457.153 ou 73.274.601",0.566,neutre_negatif,urgence_forte|pression_achat,0,0,neutre_negatif,
2664,"un appartement s 2 situé au 2ème sans ascenseur, composé de un salon lumineux avec balcon deux chambres à coucher une cuisine totalement équipée une salle de bain",0.008,positif,aucun,0,0,positif,
2777,la méditerranée immobilière vous propose à location un appartement s0 situé en plein coeur centre ville médina de tunis compose d'une chambre à coucher une cuisine bien équipé et une salle d'eau,0.024,positif,aucun,0,0,positif,
188,"DescriptionV589 Villa ARMANI A vendre chez l'agence SMART OWNER immobilière Hammamet, une belle villa de plain pieds nouvellement construite situé dans un quartier calme et bien sécurisé à Hammamet Sud zone el Monchar. La villa villa se compose d'un spacieux et lumineux salon donnant sur la piscine, une cuisine moderne bien équipée, une suite parentale avec sa propre salle de bain et dressing, deux chambres à coucher avec une salle de bain commune. Elle est équipée de pré installation de chauffage central et des climatiseurs. A l'extérieur vous bénéficiez d'un joli jardin gazonné et planté, une belle piscine ainsi qu'un parking pour les voitures. Pour éventuelle visite ou plus d'informations veuillez SVP contacter Mme Khouloud sur le 52 177 449 / 54 544 909.",0.24,neutre_positif,absence_prix_bien_cher,0,0,neutre_positif,
2957,"villa de 7 pièces très propre a la el haouaria cap bon notre agence ranime immo propose de vendre une villa de 7 pièces (rdc) très propre, bien placée dans un quartier calme, située a el haouaria cap bon. -cette villa a une surface couverte de 200m2 dans un terrain de 300m2. -cette villa est composée : de deux salons, salle à manger, trois chambres à coucher, suite parentale avec salle de bain, brasserie, cuisine spacieuse, deux salles d'eau, garage, grand terrasse. -cette villa est équipée par compteurs d'électricité et de l'eau et proche de toute commodité nécessaire. -cette villa est sécurisée et protégée par des fers forgé. -cette villa est construite par autorisation de bâtir. -le dossier foncier réglé. -le prix est de 360 000dt pour les sérieux. occasion à ne pas rater. notre agence est à votre disposition pour toutes informations et conseils nécessaires afin de disposer du bien. occasion a ne pas rater. tél : 216 23452279 whatsapp : 216 98368348 fcb : ranime immo",0.529,neutre_negatif,urgence_forte|pression_achat,0,0,neutre_negatif,
3910,"la maison de l'immobilier vous propose la location d'un immeuble érigé sur 5 niveaux totalisant une superficie de 1150 m². il est situé à proximité de toutes les commodités au belvédère tunis. cet espace de travail peut faire l'objet d'un siège d'une société, école, centre de formation..... l'entrée donne sur un hall de réception qui dessert un open space lumineux grâce a ses grandes bais vitrée, deux salles d'eau et deux pièces de bureau. les trois étage abritent des pièces modulables de différentes superficies. le premier étage abrite 5 pièces de bureaux. le deuxième étage loge 6 pièces de bureaux dont trois avec leurs propres salles d'eau. le troisième et le quatrième étage, chacun se compose de 5 pièces et deux salles d'eau. climatisation en split système (chaud/ froid)",0.054,positif,aucun,0,0,positif,
3866,donnant directement sur le port kantaoui local d'une superficie de 40 m² plus jouissance d'une terrasse privée de 20 m² local convient pour ttes activités commerciales mis à la vente prix demandé 400 000 dt infos et visite s'adresser à l'immobilière du lac h sousse au 216 73 370 942 où 216 99 904 113 et 216 23 713 406,0.248,neutre_positif,contacts_multiples,0,0,neutre_positif,
192,"Description Frais d'enregistrement 1 (Directe Promoteur) Situé dans une prestigieuse adresse à sahloul 4 Appartement bénéficie d'un luminosité naturelle Double Ascenseur Résidence, gardée et sécurisée. Place de Parking : 20 000 dt Idéal pour investissement grâce à sa rentabilité locatif Superficie : 103 m². Appelez nous pour le visiter gratuitement. Votre conseillère : ACHWEK SEDDIK: 𝐈𝐍𝐅𝐎𝐋𝐈𝐍𝐄 : 21628615615 Whatsapp / Botim. Votre Conseiller : ALI ZAATIR : 𝐈𝐍𝐅𝐎𝐋𝐈𝐍𝐄 : 21628614614 Whatsapp / Botim. Nos Adresses : Agence Khezema : Rue Hassen Ben Said 4051 khezema ouest sousse. 𝐈𝐍𝐅𝐎𝐋𝐈𝐍𝐄: 21673275544. Agence Bouhsina : Rue Omar Ibn Abdelaziz Bouhsina Sousse, 4027. 𝐈𝐍𝐅𝐎𝐋𝐈𝐍𝐄 : 21673216390.",0.539,neutre_negatif,multiple_whatsapp|promesse_rentabilite|emojis_excessifs|contacts_multiples,15,0,neutre_negatif,
23,"DescriptionParticulier met en location pour étranger, un appartement S 4 meublé haut standing, spacieux neuf.dans une résidence , au cité les palmeraies , à proximité du Lac 2,se compose :- une salon spacieuse- 4 chambres de nuit dont 1 suite parentale avec Sdb .- une cuisine bien équipée séchoir- une 2ème salle de bain avec salle d'eau.- une salle d'eau séparée.- une place de parking au sous-sol ,- chauffage central 4 climatiseurs 4 tv.- résidence sécurisée gardée et possède un espace vert agréable avec jardin d'enfants.Prix du loyer à l'année 2000 dt/mois avec 2 mois de caution.gsm 21655690000",0.556,neutre_negatif,ciblage_etranger,0,0,negatif,
4050,"petit local de 13 m²,situé rue alexandrie h-sousse , à 2 pas de la route touristique sousse , local mis à la vente au prix de 85000 dt. local jouissant d'une terrasse également . visite contactez l'immobilière du lac hammam sousse au 216 73 370 942 où 216 99 904 113 et 216 23 713 406.",0.233,neutre_positif,contacts_multiples,0,0,neutre_positif,
3626,"bureau très haut standing composé de 2 pièces à louer sur av principale alain savay (en face le ministère de l'agriculture et à coté de l'uib) 55 m2 tout équipé : climatisation, salle d'eau, kitchenette, etc. convient pour médecins (accueil et bureau) prix 1450 dinars/mois nets",0.226,neutre_positif,absence_prix_bien_cher,0,0,neutre_positif,
3180,"à vendre maison propre 2s 3 chambres dans un terrain de 984m2 a la mer el haouaria cap bon notre agence ranime immo vous propose pour la vente une maison très propre bien placée dans un quartier calme touristique de vue panoramique de la mer. située a la mer d'el haouaria cap bon. cette villa a une surface couverte de 200m2 dans un terrain de 984m2. cette villa est composée : de grand de deux salon qui s'ouvrent sur un jardin gazonné, salle à manger, 3 grandes chambres, cuisine spacieuse bien équipée, salles d'eau, grand terrasse. cette villa est équipée par compteurs d'électricité, de l'eau, sécurisée et proche de toute commodités nécessaire. le dossier foncier est réglé (titré e). le prix est raisonnable pour les sérieux. occasion à ne pas rater. notre agence est à votre disposition pour toutes informations et conseils nécessaires afin de disposer du bien. tél : ( 216) 23452279 whatsapp : ( 216) 98368348 fcb : ranime immo",0.614,neutre_negatif,urgence_forte|pression_achat|absence_prix_bien_cher,0,0,neutre_negatif,
3435,loue une villa donnant sur une vue verdoyante de la montagne et un autre atout elle est à 2minutes à pieds de la mer 5 chambres richement meublée conviendrait pour les familles place pour 3 voitures meuble de jardin transat barbecues la nuitée 600dinard,0.269,neutre_positif,absence_prix_bien_cher,0,0,neutre_positif,
2256,"pour étranger ou nouveau marié étage de villa très luxueux avec garage .tout prêt du terminus station métro mourouj3 (à 200 mètres) avec peinture complètement refaite( intérieur et extérieur). etage de villa s 3, cuisine avec coin repas, salle de bain douche à part.chauffage central et chauffe bain à part.chaque chambre avec climatiseur cuisine comprise(le tout 5 climatiseurs).garage pour voiture avec porte basculante.une terrasse à l'entrée et une à la sortie cuisine",0.574,neutre_negatif,ciblage_etranger|absence_prix_bien_cher,0,0,negatif,
3125,un rez-de-chaussée de villa s 3 indépendant situé dans un quartier calme et résidentiel. sans chauffage central et sans dressing,0.212,neutre_positif,absence_prix_bien_cher,0,0,neutre_positif,
106,"Description BORJ BACCOUCHE : BUREAU H 4 À LOUERL'agence MON_RÉSEAU met à la location un bureau H 4 au 1 er etage avec double ascenseur dans une résidence exclusivement bureautique proches de toutes commoditésIl se compose de :- Hall- Quatre pièces- Bloc sanitaires- Kitchenette- Climatisation- Place de parkingPrix de location : 1750 TND INCLUS FRAIS DE SYNDIC L'immeuble est sécurisé et bien situé à proximité des principales commodités.Pour plus d'informations, contactez notre conseillère en immobilier : Téléphone : 216 98 115 202 / 216 53 728 138 WhatsApp : 216 98 115 202 E-mail : monreseau.immo outlook.com",0.529,neutre_negatif,emojis_excessifs|emojis_alerte|contacts_multiples,5,1,neutre_negatif,
3049,agence immobilière le carré 9 vous propose à la location une villa s5 vide avec une piscine situé dans un quartier calme et sécurisé aux berges de lac 2. la villa est édifiée sur un terrain de 750m² avec une bâtisse de 400m² sur deux niveaux: le rez-de-chaussée contient un grand salon avec une terrasse donnant sur la piscine une cuisine bien équipée avec axés sur le jardin une salle d'eau invités et une suite avec sa salle de douche. l'étage abrite quatre suites dont deux avec salles de bain. le sous-sol se compose d'une chambre de service un débarras et un espace pour deux voitures. l'extérieur est un des atouts de cette villa qui loge une piscine un grand jardin et une entrée pour 3 véhicules. pour plus d'information veuillez nous contacter au 28177388 ou bien 23219610. ref115a,0.276,neutre_positif,absence_prix_bien_cher,0,0,neutre_positif,
4729,"offre exclusif pour étranger. propriétaire offre pour un étranger une location à l'année d'un appartement s2 bien et luxueusement meublé . situé au 1er étage à la résidence erriadh ennasr2, très proche du magasin général gouvernorat d'ariana, sécurisée gardée jours et nuits avec double ascenseurs. appartement de haut standing, état neuf bien lumineux et ensoleillé . se compose de : une entrée, une cuisine indépendante bien équipée ( réfrigérateur micro-ondes fourmachine à laver séchoir. 2 chambres de nuits dont une chambre avec un balcon. un salon une salle de bains. un grand terrasse avec des bacs de plantes très jolies. 2 places de parking au sous-sol. equipé de chauffage central 3 climatiseurs une connexion internet par wifi illimitée télé lcd avec récepteur numérique. prix du loyer à l'année 1600 dt /mois avec 2mois de caution . gsm propriétaire 216 55690000",0.558,neutre_negatif,ciblage_etranger,0,0,negatif,
3688,"a vendre terrain d'angle 257 m2 zone touristique soliman plage situé au centre de la zone touristique de soliman plage, ce terrain d'angle de 257 m² représente une opportunité rare pour un projet résidentiel ou un investissement à vocation commerciale. caractéristiques principales : superficie : 257 m² vocation : r 2 type : jumelé double façade : 18,10 m et 14,20 m orientation idéale : sud-est terrain affleurant à la chaussée (niveau voirie) prix attractif : 650 tnd / m² titre foncier individuel disponible terrain entièrement viabilisé : eau potable électricité gaz naturel téléphone assainissement éclairage public emplacement stratégique : à seulement 1 minute de la plage ejjahmi à 3 minutes des commodités essentielles : magasin général, carrefour market, écoles et universités accès rapide au centre de tunis via la nouvelle autoroute (30 minutes) ce terrain ne représente pas seulement une acquisition foncière, mais une véritable opportunité d'investissement dans une zone à fort potenti",0.364,neutre_positif,pression_achat,0,0,neutre_positif,
3991,"a louer un spacieux appartement (vide) de type s 2 de 110m² sis au dans une résidence de haut standing à enasser2. il se compose d'un salon qui donne sur un grand balcon, une cuisine équipée et agencée et avec séchoir, une salle d'eau invités, 2 chambres à coucher et une salle d'eau. il est équipé de chauffage central de 3 climatiseurs et doté d'une place de parking sous-sol prix 1420dt / 80dt syndic pour plus d'informations et de photos veuillez visiter notre page facebook l'intégrale immo ou contactez le 70 215 880 / 52 145 909 / 21 001 320",0.237,neutre_positif,contacts_multiples,0,0,neutre_positif,
4223,"a louer duplex très haut standing s 3 , avec une belle jardin situé aux jardin el aouina l'entrée donne sur un grand salon, salle à manger ouvrant sur une belle terrasse, une cuisine bien equipe, une salle d'eau invités et une suite parentale avec sa propre salle de douche, dressing et terrasse. des escaliers nous mènent à l'étage 3 chambres a couches avec dressings. chauffage centrales et climatisation pour plus d'informations veuillez nous contacter aux : 55 266 656",0.23,neutre_positif,absence_prix_bien_cher,0,0,neutre_positif,
102,"Description Attestation de Propriété Individuel Quartier sélectif, doté d'un bon voisinage à Bouhsina El Ghazali Au deuxième étage d'une Petite Résidence R 2, gardée et sécurisée. Abri de voiture est disponible devant la résidence Idéal pour investissement grâce à sa rentabilité locatif Bénéficie d'un luminosité naturelle Superficie 85 m² Trois balcons Dressing. Appelez nous pour le visiter gratuitement.Votre conseillère : ACHWEK SEDDIK: 𝐈𝐍𝐅𝐎𝐋𝐈𝐍𝐄 : 21628615615Whatsapp / Botim.Votre Conseiller : ALI ZAATIR : 𝐈𝐍𝐅𝐎𝐋𝐈𝐍𝐄 : 21628614614Whatsapp / Botim. Nos Adresses : Agence Bouhsina : Rue Omar Ibn Abdelaziz Bouhsina Sousse, 4027. 𝐈𝐍𝐅𝐎𝐋𝐈𝐍𝐄 : 21673216390 Agence Khezema : Rue Hassen Ben Said 4051 khezema ouest sousse. 𝐈𝐍𝐅𝐎𝐋𝐈𝐍𝐄: 21673275544.",0.545,neutre_negatif,multiple_whatsapp|promesse_rentabilite|emojis_excessifs|contacts_multiples,16,0,neutre_negatif,
1820,"un appartement s 1 situé dans une résidence r 2 de prestige avec une salle de fitness et une reception, bien gardée et sécurisée à chotrana 1. l'appartement se compose comme suit : -un salon -une cuisine aménagée et équipée -une chambre à coucher avec dressing -une salle de douche une place parking sous-sol est incluse visite 54010782",0.214,neutre_positif,absence_prix_bien_cher,0,0,neutre_positif,
511,"Description L'agence immobilière Century 21 Masters vous propose pour la vente une villa à la Soukra. Superficie terrain : 400m² Superficie bâtisse : 500m² Typologie : S 6 Titre disponible Composition : RDC : Partie jour : Salon spacieuse avec balcon Deux séjours Cuisine équipée et aménagée avec séchoir Salle de douche 1er étage : Partie nuit : Trois chambres à coucher Une suite parental avec jacuzzi Une salle de bain commune Sous-sol : Garage pour 3 voiture Studio équipé par une cuisine et une salle de douche Pour plus d'informations, veuillez nous contacter sur le : Tél / WhatsApp : 29 855 485 / 23 221 222 E-mail : cun century21.tn",0.211,neutre_positif,absence_prix_bien_cher,0,0,neutre_positif,
3114,"a louer un appartement s 2 au premier étage d'une villa, entrée séparée avec place parking pour mettre votre voiture en toute sécurité. il se compose d'un hall et salon s'ouvrant sur un balcon qui laisse profiter de la vue de mer (kazma beach). il offre aussi deux chambres à coucher, une salle de bain et une cuisine. l'appartement est équipé aussi d'un séchoir séparé. un appartement calme, à proximité de la plage (300metres), avec une vue sublime sur mer. proche de toutes commodités (station bus, magasin, etc)",0.201,neutre_positif,absence_prix_bien_cher,0,0,neutre_positif,
54,"Description RIADH ANDALOUS FONDS DE COMMERCE À VENDREOpportunité à saisir !Fonds de commerce de 100 m² idéal pour toute activité, situé dans un quartier très animé et à fort passage, offrant une excellente visibilité. Caractéristiques : Espace clients à l'entrée d'environ 35 m² Cuisine intérieure point d'eau d'environ 25 m² Mezzanine aménagée abritant la cuisine principale d'environ 40 m² Monte-charge fonctionnel reliant les niveaux Local bien agencé et exploitable immédiatement Loyer : 3 000 DT / mois Prix de vente : 155 MD à débattrePour de plus amples informations veuillez contacter nos conseillères en immobilier : Téléphone : 216 98 115 202 / 216 53 728 138 WhatsApp : 216 53 728 138",0.538,neutre_negatif,pression_achat|emojis_excessifs|emojis_alerte|contacts_multiples,6,2,neutre_positif,
2041,de participer a particulier a vendre appartement haut standing a el mouourouj résidence magasin general titre bleu grand salon salle a manger 3 chambres cuisine équipée salle e bain salle d' eau séchoir balcon place parking extérieur avec abri chauffage central 4 climatiseurs 4eme étage avec ascenseur très bien sécurisé sindik caméra de surveillance gardien jours et nuit netoyage journalier résidence magasin general contact wattsapp t 97830329,0.246,neutre_positif,absence_prix_bien_cher,0,0,neutre_negatif,
3625,"a louer un immeuble neuf au lac3 zone d'activité kheireddine composé de 3 étage de très haut standing et un sous sol avec un jardin, veuillez contacter 53772325",0.28,neutre_positif,absence_prix_bien_cher,0,0,neutre_positif,
5497,"Description Appartement (S 2) vue de Piscine situé dans une résidence pied dans l'eau à Chatt Mariem Place de parking au sous sol Attestation de propriété individuel Appartement bénéficie d'un luminosité naturelle Orientation EST Accès sécurisé dans la résidence avec code et avec caméra de surveillance Ascenseur Une plage privée, des piscines extérieures à l'eau de mer ,des restaurants, des salon de Thé , piscine couverte, salon de coiffure et esthétique ,une salle de jeu, supérette et une aire de jeux pour les enfants pour plus de confort Superficie 95 m². Appelez nous pour le visiter gratuitement. Votre conseillère : ACHWEK SEDDIK: 𝐈𝐍𝐅𝐎𝐋𝐈𝐍𝐄 : 21628615615 Whatsapp / Botim. Votre Conseiller : ALI ZAATIR : 𝐈𝐍𝐅𝐎𝐋𝐈𝐍𝐄 : 21628614614 Whatsapp / Botim. Nos Adresses : Agence Khezema : Rue Hassen Ben Said 4051 khezema ouest sousse. 𝐈𝐍𝐅𝐎𝐋𝐈𝐍𝐄: Afficher le numéro . Agence Bouhsina : Rue Omar Ibn Abdelaziz Bouhsina Sousse, 4027. 𝐈𝐍𝐅𝐎𝐋𝐈𝐍𝐄 : 21673216390.",0.544,neutre_negatif,multiple_whatsapp|emojis_excessifs|absence_prix_bien_cher|contacts_multiples,16,0,neutre_positif,
3000,"la maison de l'immobilier vous propose la location des bureaux neufs très haut standing, situés à proximité de toutes les commodités au centre-ville tunis. chaque bureau abrite un hall, 3 pièces de bureaux, une salle de réunion, deux salles d'eau et une kitchenette. cet espace de travail est équipé par la climatisation en split système.",0.242,neutre_positif,absence_prix_bien_cher,0,0,neutre_negatif,
3085,on vends un propre et lumineux appartement au mourouj5 proche du college et ecole primaire il se compose de 3 chambres a coucher un salon une salle de bain une cuisine avec un sechoir il est au 2eme etage résidence gardée avec place de parking privée papier en regle:titre foncier pour plus de renseignements vous pouvez appeler le 98589503 ou le 21934246,0.076,positif,aucun,0,0,neutre_positif,
4082,l'agence immobilière gharbi met en location un très joli étage de villa indépendante a mourouj 6 il est composé comme suit: salon 2chambres a couchée cuisine avec séchoir salle d'au appartement prés de tte commodité pour plus d'information contactez l'agence immobilière gharbi visite sur rdv avec frais de visite 23 65 82 27/23 825 899,0.53,neutre_negatif,frais_visite|absence_prix_bien_cher,0,0,positif,
3084,agence immobilière le carré 9 vous propose à la location un local commercial d'une superficie de 257m² avec double hauteur 7.35m bien situé aux berges du lac 2. il convient pour toute activité commerciale. prix de location annuelle est à 650 dt ht/m²/ an. payement trimestriel et d'avance. les frais de participation aux charges communes sont de 20dt/m²/an. avec pas de porte. participation aux travaux d'aménagement : 1000 dt/m² pour plus d'informations veuillez nous contacter au 28177388 ou bien 23219610.,0.048,positif,aucun,0,0,neutre_negatif,
3646,"à vendre chez green immobilier une demeure bien située à hammamet nord elle s'étend sur un terrain de 203 m² avec une superficie habitable de 175 m². elle offre: -un salon salle a manger -une cuisine bien aménagée -une suite composée, une chambre, une salle de bain, dressing -deux chambres à coucher -un petit jardin -terrasse -piscine -place de parking la villa est équipée par un chauffage central prix demandé : 750.000 mdt whatsapp: 21698100513 votre satisfaction est notre priorité",0.212,neutre_positif,absence_prix_bien_cher,0,0,positif,
4185,a vendre hôtel 4 vue sur mer bâtis sur 12000 m2 capacité 350 lits extensible titre de propriété privatif prix demandé 50 million dinars (15million euros ),0.097,positif,aucun,0,0,neutre_positif,
3913,"bâtie sur un terrain de 417 m² avec une surface totale couverte équivalente a 450 m² , cette villa est idéalement située en 3ème position par rapport à la plage, au sein d'une résidence sécurisée avec accès privé à la mer. elle se compose comme suit : 2eme rez de-chaussée spacieux salon, séjour lumineux, cuisine équipée, salle d'eau. etage une suite parentale avec dressing, deux chambres avec balcon offrant une vue sur la mer. 1er rez de chaussée espace polyvalent aménageable selon vos besoins. extérieur : grande terrasse, jardin, double garage. titre foncier climatisation résidence privée accès plage prix demandé : 1 200 000 dt",0.022,positif,aucun,0,0,positif,
4218,nous mettons pour la location un appartement s 1 situé en premier étage d'une résidence privé à boumhal bassatine. il est équipé par chauffage centrale. 600d/mois : 98 176 369,0.086,positif,aucun,1,0,positif,
3249,"bume occasion à ne pas rater a vendre villa s 3 chambres dans 120m2 prés de la mer a el haouaria cap bon notre agence ranime immo vous propose pour la vente une villa bien placée dans un quartier calme et près de tous les commodités, située à el haouaria cap bon cette villa a une surface couverte de 110m2 et dans un terrain de 120m2. cette villa est composée : de grand salon, 3 chambres, cuisine spacieuse, salles d'eau, et accès indépendant au terrasse. cette villa est équipée par l'électricité, de l'eau, et proche de toute commodité nécessaire. le dossier foncier est réglé. le prix est de 180 000dt pour les sérieux. notre agence est à votre disposition pour toutes informations et conseils nécessaires afin de disposer du bien. tél : ( 216) 23452279 whatsapp : ( 216) 98368348 fcb : ranime immo",0.545,neutre_negatif,urgence_forte|pression_achat,0,0,positif,
2800,"occasion à ne pas rater appartements s 2 à la plage d'el haouaria cap bon notre agence ranime immo propose de vendre un appartements très propres, bien placés à 100 m de la plage, dans un quartier calme touristique de vue panoramique et orientée par la mer, située a la plage d'el haouaria cap bon -appartement au 1er étage (surf 160 m2) composé : grand salon, 2 chambres à coucher, cuisine spacieuse bien équipée, salle de bain, et grande terrasse protégée et orientée par la mer. -cet appartement est équipé par compteur d'électricité et de l'eau et proches de tous les commodité nécessaire. -le dossier foncier réglé. le prix est de 200 000dt pour les sérieux occasion a ne pas raté. notre agence est à votre disposition pour toutes informations et conseils nécessaires afin de disposer du bien. tél : 216 23452279 whatsapp : 216 98368348 fcb : ranime immo",0.547,neutre_negatif,urgence_forte|pression_achat,0,0,neutre_negatif,
2021,"offre exclusif pour étranger. propriétaire offre pour un étranger une location à l'année d'un appartement s2 bien et luxueusement meublé . situé au 1er étage à la résidence riadh ennasr2, très proche du magasin général gouvernorat d'ariana, sécurisée gardée jours et nuits avec double ascenseurs. appartement de haut standing, état neuf bien lumineux et ensoleillé . se compose de : - une entrée, - une cuisine indépendante bien équipée ( réfrigérateur micro-ondes fourmachine à laver...). - séchoir. - 2 chambres de nuits dont une chambre avec un balcon. - un salon - une salle de bains. - un grand terrasse avec des bacs de plantes très jolies. - 2 places de parking au sous-sol. equipé de chauffage central 3 climatiseurs une connexion internet par wifi illimitée télé lcd avec récepteur numérique. prix du loyer à l'année 1600 dt /mois avec 2mois de caution . gsm propriétaire 216 55690000",0.563,neutre_negatif,ciblage_etranger,0,0,negatif,
2470,"villa luxueuse avec piscine et vue panoramique villa 2s 4 chambres confortable avec piscine new notre agence ranime immo propose de vendre une villa charmante haut standing 2s 4 chambres avec piscine confort new, située à 5 mn de la mer d'el haouaria cap bon grande villa haute standing 2s 4 chambres avec piscine, située à la mer d'el haouaria cap bon ( el argoob) avec vue dégagée directement à la mer. surface générale de 375m2 surface couverte de 235m2 le prix est de 750 000dt pour les sérieux. le dossier foncier. occasion à ne pas rater. notre agence est à votre disposition pour toutes informations et conseils nécessaires afin de disposer du bien. tél : 216 23452279 whatsapp : 216 98368348 fcb : ranime immo",0.542,neutre_negatif,urgence_forte|pression_achat,0,0,negatif,
3628,terrain agricole à 200 m de la voie goudronnée situé en face de play time à 2 pas de la gp1 terrain mis à la vente superficie 4000 m² comprenant 60 pieds d'olives présence de l' électricité 70 m d'altitude par rapport au niveau de la mer vue mer prix demandé 250 dt le m² négociable infos et visite contactez l'immobilière du lac h sousse au 216 73 370 942 où 216 99 904 113 et 216 23 713 406,0.213,neutre_positif,contacts_multiples,0,0,neutre_negatif,
2086,"offre exclusif pour étranger. propriétaire offre pour un étranger une location à l'année d'un appartement s2 bien et luxueusement meublé . situé au 1er étage à la résidence riadh ennasr2, très proche du magasin général gouvernorat d'ariana, sécurisée gardée jours et nuits avec double ascenseurs. appartement de haut standing, état neuf bien lumineux et ensoleillé . se compose de : - une entrée, - une cuisine indépendante bien équipée ( réfrigérateur micro-ondes fourmachine à laver...). - séchoir. - 2 chambres de nuits dont une chambre avec un balcon. - un salon - une salle de bains. - un grand terrasse avec des bacs de plantes très jolies. - 2 places de parking au sous-sol. equipé de chauffage central 3 climatiseurs une connexion internet par wifi illimitée télé lcd avec récepteur numérique. prix du loyer à l'année 1600 dt /mois avec 2mois de caution . gsm propriétaire 216 55690000",0.563,neutre_negatif,ciblage_etranger,0,0,negatif,
87,"DescriptionOFFRE EXCLUSIF POUR ÉTRANGER.Propriétaire offre pour un étranger une location à l'année d'un Appartement S2 bien et luxueusement meublé .Situé au 1er étage à la résidence Riadh Ennasr2, très proche du magasin général gouvernorat d'Ariana, sécurisée gardée jours et nuits avec double ascenseurs.Appartement de haut standing, état neuf bien lumineux et ensoleillé .Se compose de :- une entrée,- une cuisine indépendante bien équipée ( réfrigérateur micro-ondes fourmachine à laver...).- séchoir.- 2 chambres de nuits dont une chambre avec un balcon.- un salon- une salle de bains.- un grand terrasse avec des bacs de plantes très jolies.- 2 Places de parkingau sous-sol.Equipé de chauffage central 3 climatiseurs une connexion internet par Wifi illimitée télé LCD avec récepteur numérique.Prix du loyer à l'année 1600 dt /mois avec 2mois de caution .GSM propriétaire 216 55690000",0.568,neutre_negatif,ciblage_etranger,0,0,negatif,
3804,"particulier met en location pour étranger, un appartement s 4 meublé haut standing, spacieux neuf. dans une résidence , au cité les palmeraies , à proximité du lac 2, se compose : - une salon spacieuse - 4 chambres de nuit dont 1 suite parentale avec sdb . - une cuisine bien équipée séchoir - une 2ème salle de bain avec salle d'eau. - une salle d'eau séparée. - une place de parking au sous-sol , - chauffage central 4 climatiseurs 4 tv. - résidence sécurisée gardée et possède un espace vert agréable avec jardin d'enfants. prix du loyer à l'année 2000 dt/mois avec 2 mois de caution. gsm 216 55690000",0.529,neutre_negatif,ciblage_etranger,0,0,negatif,
2859,"- on met à la location un appartement s 1 haut standing d'une superficie totale de 80m² situé au 4éme étage avec ascenseur dans une résidence sécurisée et proche de toutes les commodités à ennasr 2. - son orientation est optimale. il est très lumineux et ensoleillé. - il se compose d'un salon avec balcon, d'une cuisine agencée et équipée (plaque, hotte, four) avec un séchoir, d'une chambre à coucher avec un dressing et d'une salle de bain. - chauffage central, climatisation en split et place de parking au sous-sol sont à la disposition. - loyer 1100dt/m 100dt/m les frais de syndic 1 mois de caution. pour plus d'information veuillez contacter votre conseiller sur le 58 668 568 / 71 232 911.",0.05,positif,aucun,0,0,negatif,
4997,"DescriptionS 1 spacieux Vue de mer À vendre S 1 avec meuble Au niveau 4eme étage avec ascenseur ( 96m2 ) avec terrasse Avec vue de mer ( 5 minutes al bhar ) Prix : 185000 avec meuble Emplacement: panorama près clinique Essalem de tous les commodités, transports et à deux pas de la plage INFOS VISITES : 28.657.936 // 55 660 538 // 50 802 150 (WhatsApp Disponible) 216 55 660 538",0.218,neutre_positif,contacts_multiples,1,0,positif,
4649,l?agence immobilière glmk vous propose à la location un appartement de très haut standing idéalement située dans une résidence sécurisée et très priséeau lac 2. description de la villa ? s3 ? salon slle à manger avec balcon ? salle d?eau pour les invités ? cuisine équipée moderne avec séchoir ? deux chambres avec dressing ? une suite parentale avec dressing et salle de douche ? une salle de bain avec baignoire ? une place de parking au sous sol. superficies ? surface couverte 160 m² pour plus d?informations ou pour organiser une visite 50 137 422 / 50 133 262 3 pieces.,0.224,neutre_positif,absence_prix_bien_cher,0,0,neutre_positif,
266,"Description Appartement (S 2) vue de Piscine situé dans une résidence pied dans l'eau à Chatt Mariem Place de parking au sous sol Attestation de propriété individuel Appartement bénéficie d'un luminosité naturelle Orientation EST Accès sécurisé dans la résidence avec code et avec caméra de surveillance Ascenseur Une plage privée, des piscines extérieures à l'eau de mer ,des restaurants, des salon de Thé , piscine couverte, salon de coiffure et esthétique ,une salle de jeu, supérette et une aire de jeux pour les enfants pour plus de confort Superficie 95 m². Appelez nous pour le visiter gratuitement. Votre conseillère : ACHWEK SEDDIK: 𝐈𝐍𝐅𝐎𝐋𝐈𝐍𝐄 : 21628615615 Whatsapp / Botim. Votre Conseiller : ALI ZAATIR : 𝐈𝐍𝐅𝐎𝐋𝐈𝐍𝐄 : 21628614614 Whatsapp / Botim. Nos Adresses : Agence Khezema : Rue Hassen Ben Said 4051 khezema ouest sousse. 𝐈𝐍𝐅𝐎𝐋𝐈𝐍𝐄: 21673275544. Agence Bouhsina : Rue Omar Ibn Abdelaziz Bouhsina Sousse, 4027. 𝐈𝐍𝐅𝐎𝐋𝐈𝐍𝐄 : 21673216390.",0.544,neutre_negatif,multiple_whatsapp|emojis_excessifs|absence_prix_bien_cher|contacts_multiples,16,0,neutre_negatif,
3145,"à louer dépôt de stockage à mornaguia gp5 keskes immo services vous propose un dépôt idéal pour stockage, logistique ou activité industrielle. emplacement stratégique : situé sur la route principale mornaguia gp5, avec excellente accessibilité et grande visibilité. caractéristiques : superficie totale du terrain : 5 000 m² surface bâtie : 3 000 m² dépôt spacieux et fonctionnel accès facile pour poids lourds visite gratuit et renseignements : 98 305 239 / 99 984 810",0.032,positif,aucun,0,0,positif,
3813,"offre exclusif pour étranger. propriétaire offre pour un étranger une location à l'année d'un appartement s2 bien et luxueusement meublé . situé au 1er étage à la résidence riadh ennasr2, très proche du magasin général gouvernorat d'ariana, sécurisée gardée jours et nuits avec double ascenseurs. appartement de haut standing, état neuf bien lumineux et ensoleillé . se compose de : une entrée, une cuisine indépendante bien équipée ( réfrigérateur micro-ondes fourmachine à laver séchoir. 2 chambres de nuits dont une chambre avec un balcon. un salon une salle de bains. un grand terrasse avec des bacs de plantes très jolies. 2 places de parking au sous-sol. equipé de chauffage central 3 climatiseurs une connexion internet par wifi illimitée télé lcd avec récepteur numérique. prix du loyer à l'année 1600 dt /mois avec 2mois de caution . gsm propriétaire 216 55690000",0.558,neutre_negatif,ciblage_etranger,0,0,negatif,
3034,just on time immo met à votre disposition pour la location un étage de villa s2 à cité el ghazela. il est composé comme suit un salon une cuisine un séchoir 2 chambres à coucher sdd équipé avec un chauffage central et un climatiseur un garage pour plus d?information 29667274 ou 29667914 2 pieces.,0.268,neutre_positif,absence_prix_bien_cher,0,0,neutre_positif,
194,"Description Attestation de Propriété Individuel Quartier sélectif, doté d'un bon voisinage à Bouhsina El Ghazali Au deuxième étage d'une Petite Résidence R 2, gardée et sécurisée. Abri de voiture est disponible devant la résidence Idéal pour investissement grâce à sa rentabilité locatif Bénéficie d'un luminosité naturelle Superficie 85 m² Trois balcons Dressing. Appelez nous pour le visiter gratuitement. Votre conseillère : ACHWEK SEDDIK: 𝐈𝐍𝐅𝐎𝐋𝐈𝐍𝐄 : 21628615615 Whatsapp / Botim. Votre Conseiller : ALI ZAATIR : 𝐈𝐍𝐅𝐎𝐋𝐈𝐍𝐄 : 21628614614 Whatsapp / Botim. Nos Adresses : Agence Bouhsina : Rue Omar Ibn Abdelaziz Bouhsina Sousse, 4027. 𝐈𝐍𝐅𝐎𝐋𝐈𝐍𝐄 : 21673216390 Agence Khezema : Rue Hassen Ben Said 4051 khezema ouest sousse. 𝐈𝐍𝐅𝐎𝐋𝐈𝐍𝐄: 21673275544.",0.545,neutre_negatif,multiple_whatsapp|promesse_rentabilite|emojis_excessifs|contacts_multiples,16,0,neutre_negatif,
