date,indicator,value,source,unit
2005-01-01,chomage_rate,12.872,WorldBank,%
2005-01-01,inflation_rate,2.01778641357144,WorldBank,%
2005-01-01,pib_courant,41871000000.0,WorldBank,TND
2005-01-01,tnd_eur,1.6141,WorldBank,TND/EUR
2005-01-01,tnd_usd,1.29743333333333,WorldBank,TND/USD
2006-01-01,chomage_rate,12.51,WorldBank,%
2006-01-01,inflation_rate,3.22525337438917,WorldBank,%
2006-01-01,pib_courant,45756200000.0,WorldBank,TND
2006-01-01,tnd_eur,1.6712,WorldBank,TND/EUR
2006-01-01,tnd_usd,1.331025,WorldBank,TND/USD
2007-01-01,chomage_rate,12.365,WorldBank,%
2007-01-01,inflation_rate,2.96694432477349,WorldBank,%
2007-01-01,pib_courant,49864500000.0,WorldBank,TND
2007-01-01,tnd_eur,1.7561,WorldBank,TND/EUR
2007-01-01,tnd_usd,1.28135833333333,WorldBank,TND/USD
2008-01-01,chomage_rate,12.444,WorldBank,%
2008-01-01,inflation_rate,4.34502807623045,WorldBank,%
2008-01-01,pib_courant,55273200000.0,WorldBank,TND
2008-01-01,tnd_eur,1.8122,WorldBank,TND/EUR
2008-01-01,tnd_usd,1.23214166666667,WorldBank,TND/USD
2009-01-01,chomage_rate,13.29,WorldBank,%
2009-01-01,inflation_rate,3.66490330642919,WorldBank,%
2009-01-01,pib_courant,58677200000.0,WorldBank,TND
2009-01-01,tnd_eur,1.8833,WorldBank,TND/EUR
2009-01-01,tnd_usd,1.350275,WorldBank,TND/USD
2010-01-01,chomage_rate,13.049,WorldBank,%
2010-01-01,inflation_rate,3.33897963601069,WorldBank,%
2010-01-01,pib_courant,66139400000.0,WorldBank,TND
2010-01-01,tnd_eur,1.8976,WorldBank,TND/EUR
2010-01-01,tnd_usd,1.4314,WorldBank,TND/USD
2011-01-01,chomage_rate,18.334,WorldBank,%
2011-01-01,inflation_rate,3.24002842009531,WorldBank,%
2011-01-01,pib_courant,67747200000.0,WorldBank,TND
2011-01-01,tnd_eur,1.9596,WorldBank,TND/EUR
2011-01-01,tnd_usd,1.40778333333333,WorldBank,TND/USD
2012-01-01,chomage_rate,17.63,WorldBank,%
2012-01-01,inflation_rate,4.6118443220664,WorldBank,%
2012-01-01,pib_courant,73895300000.0,WorldBank,TND
2012-01-01,tnd_eur,2.0067,WorldBank,TND/EUR
2012-01-01,tnd_usd,1.56189166666667,WorldBank,TND/USD
2013-01-01,chomage_rate,15.934,WorldBank,%
2013-01-01,inflation_rate,5.31623531326689,WorldBank,%
2013-01-01,pib_courant,79097200000.0,WorldBank,TND
2013-01-01,tnd_eur,2.1577,WorldBank,TND/EUR
2013-01-01,tnd_usd,1.62465833333333,WorldBank,TND/USD
2014-01-01,chomage_rate,14.259,WorldBank,%
2014-01-01,inflation_rate,4.62555099534031,WorldBank,%
2014-01-01,pib_courant,85345200000.0,WorldBank,TND
2014-01-01,tnd_eur,2.2554,WorldBank,TND/EUR
2014-01-01,tnd_usd,1.697675,WorldBank,TND/USD
2015-01-01,chomage_rate,15.159,WorldBank,%
2015-01-01,inflation_rate,4.437371273215,WorldBank,%
2015-01-01,pib_courant,89802200000.0,WorldBank,TND
2015-01-01,tnd_eur,2.1764,WorldBank,TND/EUR
2015-01-01,tnd_usd,1.961625,WorldBank,TND/USD
2016-01-01,chomage_rate,15.557,WorldBank,%
2016-01-01,inflation_rate,3.62939937384381,WorldBank,%
2016-01-01,pib_courant,95286900000.0,WorldBank,TND
2016-01-01,tnd_eur,2.3777,WorldBank,TND/EUR
2016-01-01,tnd_usd,2.14803333333333,WorldBank,TND/USD
2017-01-01,chomage_rate,15.33,WorldBank,%
2017-01-01,inflation_rate,5.30884839565844,WorldBank,%
2017-01-01,pib_courant,102011500000.0,WorldBank,TND
2017-01-01,tnd_eur,2.7332,WorldBank,TND/EUR
2017-01-01,tnd_usd,2.419425,WorldBank,TND/USD
2018-01-01,chomage_rate,15.459,WorldBank,%
2018-01-01,inflation_rate,7.30759176031652,WorldBank,%
2018-01-01,pib_courant,112985500000.0,WorldBank,TND
2018-01-01,tnd_eur,3.1258,WorldBank,TND/EUR
2018-01-01,tnd_usd,2.64686666666667,WorldBank,TND/USD
2018-04-01,ipim,6.5,INS,index_2015=100
2019-01-01,chomage_rate,17.153,WorldBank,%
2019-01-01,inflation_rate,6.72007532863799,WorldBank,%
2019-01-01,pib_courant,122969300000.0,WorldBank,TND
2019-01-01,tnd_eur,3.285,WorldBank,TND/EUR
2019-01-01,tnd_usd,2.93443333333333,WorldBank,TND/USD
2019-02-01,ipc_general_ins,7.3,INS,%
2019-03-01,ipc_general_ins,7.1,INS,%
2019-04-01,ipim,5.4,INS,index_2015=100
2019-07-01,ipim,3.6,INS,index_2015=100
2019-10-01,ipim,2.0,INS,index_2015=100
2020-01-01,chomage_rate,17.651,WorldBank,%
2020-01-01,inflation_rate,5.63415115897625,WorldBank,%
2020-01-01,pib_courant,119502100000.0,WorldBank,TND
2020-01-01,tnd_eur,3.2074,WorldBank,TND/EUR
2020-01-01,tnd_usd,2.8111,WorldBank,TND/USD
2020-04-01,ipc_general_ins,6.3,INS,%
2020-10-01,ipc_general_ins,5.4,INS,%
2020-11-01,ipc_general_ins,4.9,INS,%
2020-12-01,ipc_general_ins,4.9,INS,%
2021-01-01,chomage_rate,16.632,WorldBank,%
2021-01-01,inflation_rate,5.706350208307,WorldBank,%
2021-01-01,ipc_general_ins,4.9,INS,%
2021-01-01,pib_courant,131544600000.0,WorldBank,TND
2021-01-01,taux_directeur,6.25,BCT,%
2021-01-01,tmm,6.15,BCT,%
2021-01-01,tnd_eur,3.2964,WorldBank,TND/EUR
2021-01-01,tnd_usd,2.7963,WorldBank,TND/USD
2021-02-01,ipc_general_ins,4.9,INS,%
2021-02-01,taux_directeur,6.25,BCT,%
2021-02-01,tmm,6.23,BCT,%
2021-03-01,ipc_general_ins,4.8,INS,%
2021-03-01,taux_directeur,6.25,BCT,%
2021-03-01,tmm,6.23,BCT,%
2021-04-01,ipc_general_ins,5.0,INS,%
2021-04-01,taux_directeur,6.25,BCT,%
2021-04-01,tmm,6.25,BCT,%
2021-05-01,ipc_general_ins,5.0,INS,%
2021-05-01,taux_directeur,6.25,BCT,%
2021-05-01,tmm,6.25,BCT,%
2021-06-01,ipc_general_ins,5.7,INS,%
2021-06-01,taux_directeur,6.25,BCT,%
2021-06-01,tmm,6.26,BCT,%
2021-07-01,ipc_general_ins,6.4,INS,%
2021-07-01,ipim,3.7,INS,index_2015=100
2021-07-01,taux_directeur,6.25,BCT,%
2021-07-01,tmm,6.29,BCT,%
2021-08-01,ipc_general_ins,6.2,INS,%
2021-08-01,taux_directeur,6.25,BCT,%
2021-08-01,tmm,6.26,BCT,%
2021-09-01,ipc_general_ins,6.2,INS,%
2021-09-01,taux_directeur,6.25,BCT,%
2021-09-01,tmm,6.25,BCT,%
2021-10-01,ipc_general_ins,6.3,INS,%
2021-10-01,ipim,0.6,INS,index_2015=100
2021-10-01,taux_directeur,6.25,BCT,%
2021-10-01,tmm,6.24,BCT,%
2021-11-01,ipc_general_ins,6.4,INS,%
2021-11-01,taux_directeur,6.25,BCT,%
2021-11-01,tmm,6.25,BCT,%
2021-12-01,ipc_general_ins,6.6,INS,%
2021-12-01,taux_directeur,6.25,BCT,%
2021-12-01,tmm,6.25,BCT,%
2022-01-01,chomage_rate,15.3,WorldBank,%
2022-01-01,inflation_rate,8.30646124447623,WorldBank,%
2022-01-01,ipc_general_ins,6.7,INS,%
2022-01-01,pib_courant,139444500000.0,WorldBank,TND
2022-01-01,taux_directeur,6.25,BCT,%
2022-01-01,tmm,6.19,BCT,%
2022-01-01,tnd_eur,3.2611,WorldBank,TND/EUR
2022-01-01,tnd_usd,3.1049,WorldBank,TND/USD
2022-01-01,tunindex,905028.0,BVMT,points
2022-01-01,tunindex_immo,20.0,BVMT,points
2022-02-01,taux_directeur,6.25,BCT,%
2022-02-01,tmm,6.25,BCT,%
2022-02-01,tunindex,905028.0,BVMT,points
2022-02-01,tunindex_immo,20.0,BVMT,points
2022-03-01,ipc_general_ins,7.2,INS,%
2022-03-01,taux_directeur,6.25,BCT,%
2022-03-01,tmm,6.26,BCT,%
2022-03-01,tunindex,905028.0,BVMT,points
2022-03-01,tunindex_immo,20.0,BVMT,points
2022-04-01,ipc_general_ins,7.5,INS,%
2022-04-01,taux_directeur,6.25,BCT,%
2022-04-01,tmm,6.26,BCT,%
2022-04-01,tunindex,905028.0,BVMT,points
2022-04-01,tunindex_immo,20.0,BVMT,points
2022-05-01,ipc_general_ins,7.8,INS,%
2022-05-01,taux_directeur,7.0,BCT,%
2022-05-01,tmm,6.6,BCT,%
2022-05-01,tunindex,905028.0,BVMT,points
2022-05-01,tunindex_immo,20.0,BVMT,points
2022-06-01,ipc_general_ins,8.1,INS,%
2022-06-01,taux_directeur,7.0,BCT,%
2022-06-01,tmm,7.01,BCT,%
2022-06-01,tunindex,905028.0,BVMT,points
2022-06-01,tunindex_immo,20.0,BVMT,points
2022-07-01,ipc_general_ins,8.2,INS,%
2022-07-01,taux_directeur,7.0,BCT,%
2022-07-01,tmm,7.02,BCT,%
2022-07-01,tunindex,905028.0,BVMT,points
2022-07-01,tunindex_immo,20.0,BVMT,points
2022-08-01,ipc_general_ins,8.6,INS,%
2022-08-01,taux_directeur,7.0,BCT,%
2022-08-01,tmm,7.03,BCT,%
2022-08-01,tunindex,905028.0,BVMT,points
2022-08-01,tunindex_immo,20.0,BVMT,points
2022-09-01,ipc_general_ins,9.1,INS,%
2022-09-01,taux_directeur,7.0,BCT,%
2022-09-01,tmm,7.03,BCT,%
2022-09-01,tunindex,905028.0,BVMT,points
2022-09-01,tunindex_immo,20.0,BVMT,points
2022-10-01,ipc_general_ins,9.2,INS,%
2022-10-01,taux_directeur,7.25,BCT,%
2022-10-01,tmm,7.23,BCT,%
2022-10-01,tunindex,905028.0,BVMT,points
2022-10-01,tunindex_immo,20.0,BVMT,points
2022-11-01,ipc_general_ins,9.8,INS,%
2022-11-01,taux_directeur,7.25,BCT,%
2022-11-01,tmm,7.27,BCT,%
2022-11-01,tunindex,905028.0,BVMT,points
2022-11-01,tunindex_immo,20.0,BVMT,points
2022-12-01,ipc_general_ins,10.1,INS,%
2022-12-01,taux_directeur,7.25,BCT,%
2022-12-01,tmm,7.26,BCT,%
2022-12-01,tunindex,905028.0,BVMT,points
2022-12-01,tunindex_immo,20.0,BVMT,points
2023-01-01,chomage_rate,15.106,WorldBank,%
2023-01-01,inflation_rate,9.32899597507865,WorldBank,%
2023-01-01,ipc_general_ins,10.2,INS,%
2023-01-01,pib_courant,149733800000.0,WorldBank,TND
2023-01-01,taux_directeur,8.0,BCT,%
2023-01-01,tmm,7.96,BCT,%
2023-01-01,tnd_eur,3.3583,WorldBank,TND/EUR
2023-01-01,tnd_usd,3.1069,WorldBank,TND/USD
2023-01-01,tunindex,905028.0,BVMT,points
2023-01-01,tunindex_immo,20.0,BVMT,points
2023-02-01,ipc_general_ins,10.4,INS,%
2023-02-01,taux_directeur,8.0,BCT,%
2023-02-01,tmm,8.02,BCT,%
2023-02-01,tunindex,905028.0,BVMT,points
2023-02-01,tunindex_immo,20.0,BVMT,points
2023-03-01,ipc_general_ins,10.3,INS,%
2023-03-01,taux_directeur,8.0,BCT,%
2023-03-01,tmm,8.05,BCT,%
2023-03-01,tunindex,905028.0,BVMT,points
2023-03-01,tunindex_immo,20.0,BVMT,points
2023-04-01,ipc_general_ins,10.1,INS,%
2023-04-01,taux_directeur,8.0,BCT,%
2023-04-01,tmm,8.01,BCT,%
2023-04-01,tunindex,905028.0,BVMT,points
2023-04-01,tunindex_immo,20.0,BVMT,points
2023-05-01,ipc_general_ins,9.6,INS,%
2023-05-01,taux_directeur,8.0,BCT,%
2023-05-01,tmm,8.0,BCT,%
2023-05-01,tunindex,905028.0,BVMT,points
2023-05-01,tunindex_immo,20.0,BVMT,points
2023-06-01,ipc_general_ins,9.3,INS,%
2023-06-01,taux_directeur,8.0,BCT,%
2023-06-01,tmm,8.0,BCT,%
2023-06-01,tunindex,905028.0,BVMT,points
2023-06-01,tunindex_immo,20.0,BVMT,points
2023-07-01,ipc_general_ins,9.1,INS,%
2023-07-01,taux_directeur,8.0,BCT,%
2023-07-01,tmm,8.0,BCT,%
2023-07-01,tunindex,905028.0,BVMT,points
2023-07-01,tunindex_immo,20.0,BVMT,points
2023-08-01,ipc_general_ins,7.2,INS,%
2023-08-01,taux_directeur,8.0,BCT,%
2023-08-01,tmm,8.0,BCT,%
2023-08-01,tunindex,905028.0,BVMT,points
2023-08-01,tunindex_immo,20.0,BVMT,points
2023-09-01,ipc_general_ins,7.4,INS,%
2023-09-01,taux_directeur,8.0,BCT,%
2023-09-01,tmm,8.0,BCT,%
2023-09-01,tunindex,905028.0,BVMT,points
2023-09-01,tunindex_immo,20.0,BVMT,points
2023-10-01,ipc_general_ins,8.6,INS,%
2023-10-01,taux_directeur,8.0,BCT,%
2023-10-01,tmm,7.99,BCT,%
2023-10-01,tunindex,905028.0,BVMT,points
2023-10-01,tunindex_immo,20.0,BVMT,points
2023-11-01,ipc_general_ins,8.3,INS,%
2023-11-01,taux_directeur,8.0,BCT,%
2023-11-01,tmm,7.99,BCT,%
2023-11-01,tunindex,905028.0,BVMT,points
2023-11-01,tunindex_immo,20.0,BVMT,points
2023-12-01,ipc_general_ins,8.1,INS,%
2023-12-01,taux_directeur,8.0,BCT,%
2023-12-01,tmm,7.99,BCT,%
2023-12-01,tunindex,905028.0,BVMT,points
2023-12-01,tunindex_immo,20.0,BVMT,points
2024-01-01,chomage_rate,15.341,WorldBank,%
2024-01-01,inflation_rate,7.20661657168794,WorldBank,%
2024-01-01,ipc_general_ins,7.8,INS,%
2024-01-01,ipim,3.5,INS,index_2015=100
2024-01-01,pib_courant,159760600000.0,WorldBank,TND
2024-01-01,taux_directeur,8.0,BCT,%
2024-01-01,tmm,7.98,BCT,%
2024-01-01,tnd_eur,3.3654,WorldBank,TND/EUR
2024-01-01,tnd_usd,3.1118,WorldBank,TND/USD
2024-01-01,tunindex,905028.0,BVMT,points
2024-01-01,tunindex_immo,20.0,BVMT,points
2024-02-01,ipc_general_ins,7.5,INS,%
2024-02-01,taux_directeur,8.0,BCT,%
2024-02-01,tmm,7.97,BCT,%
2024-02-01,tunindex,905028.0,BVMT,points
2024-02-01,tunindex_immo,20.0,BVMT,points
2024-03-01,ipc_general_ins,7.5,INS,%
2024-03-01,taux_directeur,8.0,BCT,%
2024-03-01,tmm,7.96,BCT,%
2024-03-01,tunindex,905028.0,BVMT,points
2024-03-01,tunindex_immo,20.0,BVMT,points
2024-04-01,ipc_general_ins,7.2,INS,%
2024-04-01,taux_directeur,8.0,BCT,%
2024-04-01,tmm,7.97,BCT,%
2024-04-01,tunindex,905028.0,BVMT,points
2024-04-01,tunindex_immo,20.0,BVMT,points
2024-05-01,ipc_general_ins,7.2,INS,%
2024-05-01,taux_directeur,8.0,BCT,%
2024-05-01,tmm,7.97,BCT,%
2024-05-01,tunindex,905028.0,BVMT,points
2024-05-01,tunindex_immo,20.0,BVMT,points
2024-06-01,ipc_general_ins,7.3,INS,%
2024-06-01,taux_directeur,8.0,BCT,%
2024-06-01,tmm,7.97,BCT,%
2024-06-01,tunindex,905028.0,BVMT,points
2024-06-01,tunindex_immo,20.0,BVMT,points
2024-07-01,ipc_general_ins,6.5,INS,%
2024-07-01,taux_directeur,8.0,BCT,%
2024-07-01,tmm,7.98,BCT,%
2024-07-01,tunindex,905028.0,BVMT,points
2024-07-01,tunindex_immo,20.0,BVMT,points
2024-08-01,ipc_general_ins,6.7,INS,%
2024-08-01,taux_directeur,8.0,BCT,%
2024-08-01,tmm,7.99,BCT,%
2024-08-01,tunindex,905028.0,BVMT,points
2024-08-01,tunindex_immo,20.0,BVMT,points
2024-09-01,ipc_general_ins,6.7,INS,%
2024-09-01,taux_directeur,8.0,BCT,%
2024-09-01,tmm,7.99,BCT,%
2024-09-01,tunindex,905028.0,BVMT,points
2024-09-01,tunindex_immo,20.0,BVMT,points
2024-10-01,ipc_general_ins,6.7,INS,%
2024-10-01,taux_directeur,8.0,BCT,%
2024-10-01,tmm,7.99,BCT,%
2024-10-01,tunindex,905028.0,BVMT,points
2024-10-01,tunindex_immo,20.0,BVMT,points
2024-11-01,ipc_general_ins,6.6,INS,%
2024-11-01,taux_directeur,8.0,BCT,%
2024-11-01,tmm,7.99,BCT,%
2024-11-01,tunindex,905028.0,BVMT,points
2024-11-01,tunindex_immo,20.0,BVMT,points
2024-12-01,ipc_general_ins,6.2,INS,%
2024-12-01,taux_directeur,8.0,BCT,%
2024-12-01,tmm,7.99,BCT,%
2024-12-01,tunindex,905028.0,BVMT,points
2024-12-01,tunindex_immo,20.0,BVMT,points
2025-01-01,chomage_rate,15.108,WorldBank,%
2025-01-01,ipc_general_ins,5.3,INS,%
2025-01-01,taux_directeur,8.0,BCT,%
2025-01-01,tmm,7.99,BCT,%
2025-01-01,tnd_eur,3.3713,BCT,TND/EUR
2025-01-01,tnd_usd,2.9966,BCT,TND/USD
2025-01-01,tunindex,905028.0,BVMT,points
2025-01-01,tunindex_immo,20.0,BVMT,points
2025-02-01,ipc_general_ins,5.7,INS,%
2025-02-01,taux_directeur,8.0,BCT,%
2025-02-01,tmm,7.99,BCT,%
2025-02-01,tunindex,905028.0,BVMT,points
2025-02-01,tunindex_immo,20.0,BVMT,points
2025-03-01,ipc_general_ins,5.9,INS,%
2025-03-01,taux_directeur,7.5,BCT,%
2025-03-01,tmm,7.91,BCT,%
2025-03-01,tunindex,905028.0,BVMT,points
2025-03-01,tunindex_immo,20.0,BVMT,points
2025-04-01,ipc_general_ins,5.6,INS,%
2025-04-01,taux_directeur,7.5,BCT,%
2025-04-01,tmm,7.5,BCT,%
2025-04-01,tunindex,905028.0,BVMT,points
2025-04-01,tunindex_immo,20.0,BVMT,points
2025-05-01,ipc_general_ins,5.4,INS,%
2025-05-01,taux_directeur,7.5,BCT,%
2025-05-01,tmm,7.5,BCT,%
2025-05-01,tunindex,905028.0,BVMT,points
2025-05-01,tunindex_immo,20.0,BVMT,points
2025-06-01,ipc_general_ins,5.4,INS,%
2025-06-01,taux_directeur,7.5,BCT,%
2025-06-01,tmm,7.5,BCT,%
2025-06-01,tunindex,905028.0,BVMT,points
2025-06-01,tunindex_immo,20.0,BVMT,points
2025-07-01,ipc_general_ins,5.3,INS,%
2025-07-01,taux_directeur,7.5,BCT,%
2025-07-01,tmm,7.5,BCT,%
2025-07-01,tunindex,905028.0,BVMT,points
2025-07-01,tunindex_immo,20.0,BVMT,points
2025-08-01,ipc_general_ins,5.2,INS,%
2025-08-01,taux_directeur,7.5,BCT,%
2025-08-01,tmm,7.5,BCT,%
2025-08-01,tunindex,905028.0,BVMT,points
2025-08-01,tunindex_immo,20.0,BVMT,points
2025-09-01,ipc_general_ins,5.2,INS,%
2025-09-01,taux_directeur,7.5,BCT,%
2025-09-01,tmm,7.49,BCT,%
2025-09-01,tunindex,905028.0,BVMT,points
2025-09-01,tunindex_immo,20.0,BVMT,points
2025-10-01,ipc_general_ins,4.9,INS,%
2025-10-01,taux_directeur,7.5,BCT,%
2025-10-01,tmm,7.49,BCT,%
2025-10-01,tunindex,905028.0,BVMT,points
2025-10-01,tunindex_immo,20.0,BVMT,points
2025-11-01,ipc_general_ins,4.9,INS,%
2025-11-01,taux_directeur,7.5,BCT,%
2025-11-01,tmm,7.49,BCT,%
2025-11-01,tunindex,905028.0,BVMT,points
2025-11-01,tunindex_immo,20.0,BVMT,points
2025-12-01,ipc_general_ins,4.9,INS,%
2025-12-01,taux_directeur,7.5,BCT,%
2025-12-01,tmm,7.49,BCT,%
2025-12-01,tunindex,905028.0,BVMT,points
2025-12-01,tunindex_immo,20.0,BVMT,points
2026-01-01,ipc_general_ins,4.8,INS,%
2026-01-01,taux_directeur,7.0,BCT,%
2026-01-01,tmm,7.08,BCT,%
2026-02-01,ipc_general_ins,4.6,INS,%
2026-02-01,taux_directeur,7.0,BCT,%
2026-02-01,tmm,6.99,BCT,%
2026-03-01,ipc_general_ins,4.6,INS,%
2026-03-01,taux_directeur,7.0,BCT,%
2026-03-01,tmm,6.99,BCT,%
