date,year,quarter,period,ipim_terrain,ipim_appartement,ipim_maison,ipim_bati_total,vol_terrain_pct,vol_appartement_pct,vol_maison_pct
2000-01-01,2000,1,2000-Q1,39.891,29.8813,32.2064,30.4626,,,
2000-04-01,2000,2,2000-Q2,39.3959,28.0085,32.9301,29.2389,10.2417,19.6667,8.7081
2000-07-01,2000,3,2000-Q3,40.37,28.7322,37.1992,30.8489,-1.0457,-2.1177,-9.3663
2000-10-01,2000,4,2000-Q4,41.8627,28.2101,34.5499,29.7951,3.5287,1.6097,-1.3646
2001-01-01,2001,1,2001-Q1,38.283,31.1463,31.7731,31.303,0.8047,-5.8524,-6.631
2001-04-01,2001,2,2001-Q2,42.1542,30.6772,34.3201,31.5879,-0.58,-2.4002,-4.2341
2001-07-01,2001,3,2001-Q3,40.8825,28.2073,32.5825,29.3011,0.5071,14.0026,5.786
2001-10-01,2001,4,2001-Q4,42.7314,32.7119,36.7187,33.7136,5.3294,-4.6175,-6.2147
2002-01-01,2002,1,2002-Q1,42.2901,32.5375,36.3388,33.4878,4.0362,17.552,5.8263
2002-04-01,2002,2,2002-Q2,42.3803,35.1141,37.5972,35.7349,-3.7483,-2.826,-7.8814
2002-07-01,2002,3,2002-Q3,43.7602,32.7102,36.3277,33.6146,2.1057,-13.4659,0.4135
2002-10-01,2002,4,2002-Q4,44.62,35.611,40.3957,36.8072,2.3695,14.0074,4.1432
2003-01-01,2003,1,2003-Q1,44.7951,31.0473,36.5037,32.4114,-0.7269,4.5799,-3.1616
2003-04-01,2003,2,2003-Q2,45.6855,33.0898,38.997,34.5666,5.8833,2.3703,-6.9872
2003-07-01,2003,3,2003-Q3,48.4372,32.4637,35.4931,33.2211,1.5965,5.8132,33.2085
2003-10-01,2003,4,2003-Q4,50.8838,32.831,37.2133,33.9266,-1.2809,-5.1289,-13.7065
2004-01-01,2004,1,2004-Q1,48.4348,33.929,37.576,34.8408,-0.5669,3.9856,4.3525
2004-04-01,2004,2,2004-Q2,50.5753,36.5079,41.2705,37.6986,3.2034,0.3578,-4.6136
2004-07-01,2004,3,2004-Q3,50.887,37.3815,37.2037,37.3371,3.9106,3.4966,2.2374
2004-10-01,2004,4,2004-Q4,51.5084,37.5761,40.4476,38.294,-0.5947,-2.8087,7.0122
2005-01-01,2005,1,2005-Q1,54.0778,35.637,37.2702,36.0453,0.4662,-8.7153,0.9325
2005-04-01,2005,2,2005-Q2,51.8817,36.3604,37.4584,36.6349,0.5378,10.9885,7.1166
2005-07-01,2005,3,2005-Q3,52.2419,36.2387,40.9206,37.4092,4.4531,5.769,-4.3874
2005-10-01,2005,4,2005-Q4,55.5775,37.5156,41.3813,38.482,-1.4842,-0.4773,-1.8679
2006-01-01,2006,1,2006-Q1,50.1833,41.319,37.9694,40.4816,6.2558,-1.8726,-7.9599
2006-04-01,2006,2,2006-Q2,51.7861,41.5988,41.0378,41.4585,3.4289,7.8157,15.3585
2006-07-01,2006,3,2006-Q3,55.1942,40.1131,39.2159,39.8888,2.148,6.7314,1.7725
2006-10-01,2006,4,2006-Q4,58.72,43.1947,46.0137,43.8994,-3.2402,-9.2952,-13.7838
2007-01-01,2007,1,2007-Q1,57.2087,39.2658,46.4572,41.0636,0.7283,11.8051,6.5683
2007-04-01,2007,2,2007-Q2,59.8359,40.6925,47.3892,42.3667,-1.0651,-2.1009,-7.016
2007-07-01,2007,3,2007-Q3,60.8461,45.3528,51.1272,46.7964,1.5215,-3.6737,7.3154
2007-10-01,2007,4,2007-Q4,61.8361,50.8492,51.3342,50.9705,-0.9275,1.5036,3.3538
2008-01-01,2008,1,2008-Q1,59.9639,49.181,50.7969,49.585,4.0208,4.6342,8.9242
2008-04-01,2008,2,2008-Q2,65.5551,52.2683,51.6094,52.1036,0.5575,-0.7189,-1.9399
2008-07-01,2008,3,2008-Q3,67.6475,53.3385,55.8241,53.9599,-4.6507,0.5898,-2.5672
2008-10-01,2008,4,2008-Q4,68.1177,54.7036,53.1219,54.3082,2.2282,-3.4915,-3.2295
2009-01-01,2009,1,2009-Q1,68.2219,54.901,61.3992,56.5256,-0.6536,-3.2176,-4.4501
2009-04-01,2009,2,2009-Q2,68.5854,59.118,60.8608,59.5537,1.0664,-1.5657,4.0424
2009-07-01,2009,3,2009-Q3,68.5946,61.9181,60.0463,61.4502,4.099,-0.7809,-0.2317
2009-10-01,2009,4,2009-Q4,69.9975,55.7451,61.8791,57.2786,9.2517,11.8488,3.8532
2010-01-01,2010,1,2010-Q1,70.8059,57.5916,57.9904,57.6913,-0.3724,-1.1877,1.318
2010-04-01,2010,2,2010-Q2,72.7464,64.8619,62.1554,64.1853,-1.2,-0.8885,-5.3666
2010-07-01,2010,3,2010-Q3,75.4951,64.6789,62.7692,64.2015,2.1579,-0.6866,6.5798
2010-10-01,2010,4,2010-Q4,78.4714,64.0153,64.7373,64.1958,-0.0799,1.7902,-0.1479
2011-01-01,2011,1,2011-Q1,72.9541,63.732,61.8035,63.2499,-23.1027,-21.4798,-28.359
2011-04-01,2011,2,2011-Q2,72.9995,71.6022,66.3784,70.2962,33.1549,20.6467,18.0012
2011-07-01,2011,3,2011-Q3,72.6801,69.1124,64.2257,67.8907,1.4236,5.0932,2.3359
2011-10-01,2011,4,2011-Q4,75.4706,71.2766,69.6569,70.8717,5.7304,-1.5018,8.7089
2012-01-01,2012,1,2012-Q1,78.9511,74.9311,70.7168,73.8775,0.2353,3.654,2.1421
2012-04-01,2012,2,2012-Q2,79.5446,74.8451,74.3222,74.7144,3.6124,1.3373,3.2973
2012-07-01,2012,3,2012-Q3,82.7611,75.0012,73.194,74.5494,-0.5341,-4.0707,-2.813
2012-10-01,2012,4,2012-Q4,83.838,78.0257,75.5683,77.4114,-0.2313,-1.2575,-6.6976
2013-01-01,2013,1,2013-Q1,83.5174,81.2909,74.5455,79.6045,0.4163,2.0842,-5.1858
2013-04-01,2013,2,2013-Q2,83.8605,79.6793,80.3038,79.8354,2.5137,3.2564,8.2964
2013-07-01,2013,3,2013-Q3,87.4295,78.0184,83.7616,79.4542,-1.6672,0.8491,-10.6306
2013-10-01,2013,4,2013-Q4,85.7203,86.6062,80.755,85.1434,7.4268,10.2049,10.8145
2014-01-01,2014,1,2014-Q1,89.4169,79.9045,96.5746,84.072,-5.7679,-17.4027,-1.5248
2014-04-01,2014,2,2014-Q2,92.2886,92.6796,88.0554,91.5236,-1.0742,6.2478,-1.7426
2014-07-01,2014,3,2014-Q3,97.0697,89.6246,93.302,90.544,-4.8805,-2.0735,-2.9734
2014-10-01,2014,4,2014-Q4,94.3577,93.8132,96.9357,94.5938,-5.3059,-7.8585,-3.5126
2015-01-01,2015,1,2015-Q1,96.7451,98.2794,94.7233,97.3904,-2.5185,2.999,-1.5922
2015-04-01,2015,2,2015-Q2,101.1903,105.1755,101.428,104.2386,5.0989,0.8831,-3.0715
2015-07-01,2015,3,2015-Q3,99.8845,102.8064,104.9399,103.3398,-1.8747,1.8282,-7.2603
2015-10-01,2015,4,2015-Q4,102.1801,93.7387,98.9088,95.0312,2.828,11.3503,-1.2212
2016-01-01,2016,1,2016-Q1,102.0177,101.5688,99.4057,101.028,-1.6625,-4.3277,3.7429
2016-04-01,2016,2,2016-Q2,109.2689,110.338,109.9112,110.2313,-2.7824,-1.7792,-3.1984
2016-07-01,2016,3,2016-Q3,108.3405,112.4799,107.8521,111.323,6.7089,-1.6214,4.5453
2016-10-01,2016,4,2016-Q4,108.0575,117.5308,114.1368,116.6823,2.4001,7.6248,-4.7888
2017-01-01,2017,1,2017-Q1,108.3252,114.7485,109.905,113.5376,-0.9547,0.6429,-11.0662
2017-04-01,2017,2,2017-Q2,118.365,118.9019,127.6766,121.0956,-5.0487,-3.7366,-0.3983
2017-07-01,2017,3,2017-Q3,115.6146,112.9068,113.6307,113.0878,6.9522,4.6083,7.6994
2017-10-01,2017,4,2017-Q4,121.1494,125.6607,121.8989,124.7202,0.0258,32.4643,-4.0369
2018-01-01,2018,1,2018-Q1,118.754,120.6184,117.5016,119.8392,0.4529,-34.3333,0.2532
2018-04-01,2018,2,2018-Q2,119.7252,131.1832,121.1966,128.6866,-2.2703,-6.3957,-2.4112
2018-07-01,2018,3,2018-Q3,121.4965,123.8134,114.0066,121.3617,0.6174,0.2913,-1.901
2018-10-01,2018,4,2018-Q4,121.147,126.9924,122.522,125.8748,-2.0067,2.6563,-1.668
2019-01-01,2019,1,2019-Q1,123.6915,133.5412,124.9687,131.3981,-5.3993,-4.6713,-0.0293
2019-04-01,2019,2,2019-Q2,128.4695,138.9597,135.1765,138.0139,-1.126,0.9148,-4.6328
2019-07-01,2019,3,2019-Q3,122.9983,140.6588,121.3905,135.8417,-3.7621,-3.5371,-10.2889
2019-10-01,2019,4,2019-Q4,126.0206,137.2405,120.8099,133.1328,-1.789,-3.5203,-4.7388
2020-01-01,2020,1,2020-Q1,130.7349,138.3615,130.4014,136.3715,-19.9351,-7.7027,-3.202
2020-04-01,2020,2,2020-Q2,126.938,135.7658,123.4221,132.6799,-11.2076,-37.0574,-27.6754
2020-07-01,2020,3,2020-Q3,129.8083,143.2394,131.2314,140.2374,60.9012,88.2444,65.981
2020-10-01,2020,4,2020-Q4,139.8634,148.8226,140.0143,146.6205,-4.122,-11.2116,-11.3459
2021-01-01,2021,1,2021-Q1,142.083,148.7658,136.4356,145.6833,1.9275,15.0509,10.9978
2021-04-01,2021,2,2021-Q2,151.0585,155.1555,144.0058,152.3681,-7.3212,-6.5592,-0.3175
2021-07-01,2021,3,2021-Q3,149.2697,150.9365,132.4868,146.3241,-4.7395,-3.3249,-3.4149
2021-10-01,2021,4,2021-Q4,152.955,148.5484,136.4844,145.5324,-0.451,7.3136,3.981
2022-01-01,2022,1,2022-Q1,154.7199,155.2443,148.8995,153.6581,-0.1589,3.9626,9.1258
2022-04-01,2022,2,2022-Q2,161.3882,160.69,151.6786,158.4372,-1.9544,-1.7315,-1.97
2022-07-01,2022,3,2022-Q3,164.9853,161.3596,143.5757,156.9136,-0.538,3.0802,-2.9515
2022-10-01,2022,4,2022-Q4,169.1207,170.8802,143.5709,164.0529,-5.1676,-10.1717,-4.5777
2023-01-01,2023,1,2023-Q1,167.6377,178.2832,151.6564,171.6265,-0.8958,-0.6107,-4.723
2023-04-01,2023,2,2023-Q2,169.5626,167.5153,159.6746,165.5551,0.8829,-3.6086,-1.9375
2023-07-01,2023,3,2023-Q3,168.3643,165.6907,166.17,165.8105,-6.0338,-3.4122,-1.1311
2023-10-01,2023,4,2023-Q4,182.0984,173.2761,166.9955,171.706,-6.7208,11.087,-8.5841
2024-01-01,2024,1,2024-Q1,175.9348,178.5419,175.0759,177.6754,-13.5561,-23.3111,-6.8803
