zone,n_obs,zone_coef,zone_coef_se,pval,zone_index,premium_pct,price_m2_hedonique,is_ref,ipim_type
Berges du Lac,11,0.2771755697099739,0.10891171545535414,0.0114679258389211,1.3193979970247878,31.939799702478776,6760.603691239851,False,appartement
Jardins de Carthage,38,0.0,0.0,1.0,1.0,0.0,5124.0063320429945,True,appartement
Gammarth,6,-0.15584494731014953,0.13990694568664164,0.2662728150670743,0.8556918574097366,-14.430814259026336,4384.570495645117,False,appartement
Chotrana 1,5,-0.22801962665756337,0.15290700762457946,0.13703067938124536,0.7961086347305628,-20.38913652694372,4079.265685353509,False,appartement
El Kantaoui,14,-0.3087333425615746,0.10183803844767679,0.0026610990445235087,0.7343765708944585,-26.56234291055415,3762.9501993672293,False,appartement
Chott Meriem,8,-0.3179939784373209,0.12641857748208793,0.012451600137576457,0.7276071697335825,-27.239283026641747,3728.2637449547556,False,appartement
Ain Zaghouan,24,-0.34346430755354396,0.08449242076269856,6.251087047721498e-05,0.7093087976588971,-29.06912023411029,3634.5027705779903,False,appartement
La Soukra,29,-0.36090490060083563,0.07854547184105731,6.565711869773522e-06,0.6970452839026597,-30.295471609734026,3571.664448437933,False,appartement
Nabeul,19,-0.4336140087782192,0.0901454497709134,2.4713164299338887e-06,0.6481623922006347,-35.183760779936534,3321.1882018281863,False,appartement
Hammamet,19,-0.5536436685231078,0.08932297209489466,2.0460082776273286e-09,0.5748514217548554,-42.514857824514465,2945.5423250557956,False,appartement
Ennasr 2,29,-0.5560755639377544,0.07837995431814745,1.071571881787528e-11,0.5734551417098528,-42.65448582901472,2938.3877772638966,False,appartement
Riadh Al Andalous,7,-0.5701092471442502,0.13149880627893637,2.0333138486410643e-05,0.5654636600349912,-43.45363399650088,2897.439374559501,False,appartement
El Aouina,28,-0.6722244661638384,0.07969962072529416,1.8153007712658295e-15,0.5105715644621965,-48.94284355378035,2616.1719292653934,False,appartement
El Menzah,7,-0.7105679425876512,0.1307661617035371,1.202567084104861e-07,0.4913650510603234,-50.86349489396766,2517.7576329777253,False,appartement
Ariana,8,-0.7151242084299803,0.12447147564493198,2.3983869706834763e-08,0.48913135378557326,-51.08686462144267,2506.3121539980393,False,appartement
Ezzahra,8,-0.7987990562831806,0.12389128018753084,4.986476047422721e-10,0.4498689070691158,-55.01310929308843,2305.1311284114126,False,appartement
Hammam Sousse,13,-0.8830112646734442,0.10417864161382406,1.3681170048183961e-15,0.41353576923287977,-58.64642307671202,2118.9599000755475,False,appartement
Sousse,5,-1.1280171405548374,0.15201714868460037,1.4150489814460482e-12,0.32367442142581904,-67.63255785741809,1658.50978490625,False,appartement
El Mourouj,22,-1.2653443452275992,0.08688140872021624,3.9924271992133675e-36,0.28214212511700565,-71.78578748829943,1445.6980356356025,False,appartement
Jardins de Carthage,5,1.0879624096606595,0.23019310533766096,8.970146570495514e-06,2.9682198905123225,196.82198905123224,5387.2763749988435,False,maison
Ain Zaghouan,5,0.6789374876289054,0.23389062050004802,0.004710041428000863,1.9717815765138165,97.17815765138165,3578.755178403368,False,maison
La Soukra,14,0.5885793670727854,0.16066643081154067,0.000432010578275004,1.801427429595722,80.1427429595722,3269.5648539235585,False,maison
El Menzah,8,0.3515852467531103,0.21890864113304342,0.1119647866281869,1.4213189048232129,42.13189048232129,2579.6733529643234,False,maison
El Mourouj,8,0.22376143345300847,0.1905807065646452,0.2436327694413263,1.2507725913341114,25.077259133411147,2270.134248924292,False,maison
Hammamet,39,0.0,0.0,1.0,1.0,0.0,1814.9856054192069,True,maison
Borj Cedria,7,-0.2767052385750036,0.19500813228874736,0.15957247236401384,0.7582779752690537,-24.17220247309463,1376.2636100197547,False,maison
Hammam Sousse,5,-0.3710318451162027,0.2253196361659552,0.10331406994896701,0.6900219673791721,-30.99780326208279,1252.3799382162385,False,maison
Raoued,5,-0.5824021040366509,0.24233399192853866,0.01842276935541869,0.5585550464821829,-44.14449535178171,1013.7693691994175,False,maison
El Menzah,14,1.6783899514977698,0.37619598733953796,1.0976764536416195e-05,5.356924116484018,435.69241164840184,3679.3635237506605,False,terrain
Ennasr 2,7,0.9200803008766649,0.4163795962715823,0.027769917310046945,2.509491896244875,150.9491896244875,1723.6258616729258,False,terrain
Chotrana 3,5,0.8382734627842802,0.48342619444190865,0.08379153540787071,2.312371133469119,131.2371133469119,1588.2349305041907,False,terrain
La Soukra,20,0.8056295835766923,0.26542692060668177,0.0025830281012729863,2.2381051295805565,123.81051295805565,1537.2258775811788,False,terrain
Cite El Ghazala 1,5,0.6152547491841973,0.48253301235916984,0.2031341188662438,1.8501278580919247,85.01278580919247,1270.7465715990527,False,terrain
Nabeul,5,0.4060394641294929,0.484225187530014,0.40230132560276777,1.5008617814929968,50.08617814929968,1030.8557621759292,False,terrain
Hammam Sousse,20,0.3623623566317095,0.2640817705966792,0.17089000518830283,1.4367194524709477,43.67194524709477,986.8000801090658,False,terrain
Kalaa El Kebira,10,0.35478505110945147,0.3522518728071765,0.31453663071557225,1.4258741312766905,42.58741312766905,979.3510518350386,False,terrain
Riadh Al Andalous,6,0.33932060331457237,0.4435187710878044,0.4447470410188501,1.4039933980017003,40.39933980017003,964.3224327741134,False,terrain
El Kantaoui,7,0.3391336975348316,0.41320659248959446,0.4123534710594784,1.4037310080427596,40.373100804275964,964.1422121805547,False,terrain
Hergla,9,0.18594860113332035,0.36887612917909307,0.6145109053556856,1.2043603560293628,20.436035602936276,827.2059613071816,False,terrain
Sidi Thabet,7,0.1152238778253436,0.41747828522246094,0.7827107306707928,1.1221246282744177,12.212462827441772,770.7229627671109,False,terrain
Cite Touristique,9,0.0795168001884769,0.369245077509976,0.8296197942433732,1.0827637500117129,8.276375001171289,743.6882360109594,False,terrain
Oued Ellil,6,0.06106795616336491,0.4435028789635113,0.8905607327650162,1.0629711471737586,6.297114717375862,730.0938338244578,False,terrain
Akouda,15,0.06056705689625963,0.29641187432452515,0.8382108426942487,1.0624388390326938,6.243883903269376,729.7282219331852,False,terrain
Boumhel,11,0.05697871980797342,0.33956355842103386,0.8668373662176742,1.0586332822362674,5.86332822362674,727.1144035254833,False,terrain
Ariana,11,0.04005496752691862,0.3394415760035407,0.9061331445616967,1.0408679865590327,4.086798655903268,714.9124421980251,False,terrain
Borj Touil,9,0.019402292020044953,0.37023803949273026,0.9582358715042084,1.0195917397442862,1.9591739744286185,700.2990101705665,False,terrain
Hammamet,72,0.0,0.0,1.0,1.0,0.0,686.842569307399,True,terrain
Borj Louzir,5,-0.010000110020051967,0.48298237688798157,0.9834928114635649,0.9900497248238399,-0.9950275176160095,680.0082967400898,False,terrain
Borj Youssef,5,-0.06493816505627437,0.48613739314553917,0.8938113637698326,0.9371254086827724,-6.287459131722761,643.6576234629218,False,terrain
Chott Meriem,32,-0.06738738513935183,0.22177517681184217,0.7614187875738372,0.9348329907754096,-6.51670092245904,642.0830932575025,False,terrain
Mnihla,5,-0.12361283771712739,0.4835347767295313,0.798375366571667,0.8837219184540844,-11.627808154591557,606.9778330242672,False,terrain
Borj Cedria,20,-0.14196985423638808,0.263806945493809,0.5908089577758828,0.8676474119854535,-13.235258801454652,595.9371777010043,False,terrain
La Manouba,9,-0.22478049645305165,0.3696566806495113,0.5435282753744387,0.7986915151400753,-20.13084848599247,548.5753323428286,False,terrain
Soliman,13,-0.2480480373374856,0.31540043268312823,0.4321319986914297,0.7803224577644381,-21.96775422355619,535.9586817791914,False,terrain
El Mourouj,5,-0.26658000621518685,0.483739055158278,0.5819278978229998,0.7659947169364095,-23.400528306359046,526.1177794564978,False,terrain
El Haouaria,6,-0.274457479370974,0.44333975124413905,0.5362731060223463,0.7599843185731808,-24.00156814268192,521.9895820021368,False,terrain
Mornaguia,5,-0.44293924869628964,0.4853737668698946,0.3620932471184587,0.6421462171226908,-35.78537828773092,441.05335763957606,False,terrain
Raoued,18,-0.5801454092077598,0.2754108641438611,0.03587275260602157,0.559816958106407,-44.018304189359306,384.5061178476574,False,terrain
Dar Allouche,5,-1.2823907933552923,0.4855946671163924,0.008638976089243201,0.2773733647055829,-72.26266352944171,190.5118344718208,False,terrain
Kalaa Essghira,9,-2.683571159013213,0.3832280495624719,1.2866277631070637e-11,0.06831874090738407,-93.16812590926159,46.92421953667422,False,terrain
