ipim_type,zone,n_obs,zone_index,premium_pct,year,prix_m2,prix_m2_low,prix_m2_high,valeur_100m2,valeur_low,valeur_high
appartement,Berges du Lac,11,1.3194,31.9,2026,4076.1,3771.7,4380.5,407609.0,377169.0,438049.0
appartement,Berges du Lac,11,1.3194,31.9,2027,4253.5,3887.5,4619.6,425354.0,388750.0,461959.0
appartement,Berges du Lac,11,1.3194,31.9,2028,4431.0,3999.0,4863.0,443100.0,399900.0,486300.0
appartement,Berges du Lac,11,1.3194,31.9,2029,4608.5,4106.5,5110.4,460845.0,410651.0,511040.0
appartement,Berges du Lac,11,1.3194,31.9,2030,4785.9,4210.3,5361.5,478591.0,421028.0,536154.0
appartement,Berges du Lac,11,1.3194,31.9,2031,4963.4,4310.5,5616.2,496336.0,431051.0,561621.0
appartement,Berges du Lac,11,1.3194,31.9,2032,5140.8,4407.4,5874.2,514081.0,440738.0,587425.0
appartement,Jardins de Carthage,38,1.0,0.0,2026,3089.4,2858.6,3320.1,308936.0,285865.0,332007.0
appartement,Jardins de Carthage,38,1.0,0.0,2027,3223.9,2946.4,3501.3,322385.0,294642.0,350129.0
appartement,Jardins de Carthage,38,1.0,0.0,2028,3358.3,3030.9,3685.8,335835.0,303092.0,368577.0
appartement,Jardins de Carthage,38,1.0,0.0,2029,3492.8,3112.4,3873.3,349284.0,311241.0,387328.0
appartement,Jardins de Carthage,38,1.0,0.0,2030,3627.3,3191.1,4063.6,362734.0,319106.0,406362.0
appartement,Jardins de Carthage,38,1.0,0.0,2031,3761.8,3267.0,4256.6,376184.0,326703.0,425665.0
appartement,Jardins de Carthage,38,1.0,0.0,2032,3896.3,3340.4,4452.2,389633.0,334045.0,445222.0
appartement,Gammarth,6,0.8557,-14.4,2026,2643.5,2446.1,2841.0,264354.0,244612.0,284095.0
appartement,Gammarth,6,0.8557,-14.4,2027,2758.6,2521.2,2996.0,275862.0,252123.0,299602.0
appartement,Gammarth,6,0.8557,-14.4,2028,2873.7,2593.5,3153.9,287371.0,259354.0,315388.0
appartement,Gammarth,6,0.8557,-14.4,2029,2988.8,2663.3,3314.3,298880.0,266326.0,331433.0
appartement,Gammarth,6,0.8557,-14.4,2030,3103.9,2730.6,3477.2,310389.0,273056.0,347721.0
appartement,Gammarth,6,0.8557,-14.4,2031,3219.0,2795.6,3642.4,321897.0,279557.0,364238.0
appartement,Gammarth,6,0.8557,-14.4,2032,3334.1,2858.4,3809.7,333406.0,285839.0,380973.0
appartement,Chotrana 1,5,0.7961,-20.4,2026,2459.5,2275.8,2643.1,245946.0,227579.0,264313.0
appartement,Chotrana 1,5,0.7961,-20.4,2027,2566.5,2345.7,2787.4,256654.0,234567.0,278740.0
appartement,Chotrana 1,5,0.7961,-20.4,2028,2673.6,2412.9,2934.3,267361.0,241295.0,293427.0
appartement,Chotrana 1,5,0.7961,-20.4,2029,2780.7,2477.8,3083.6,278068.0,247782.0,308355.0
appartement,Chotrana 1,5,0.7961,-20.4,2030,2887.8,2540.4,3235.1,288776.0,254043.0,323509.0
appartement,Chotrana 1,5,0.7961,-20.4,2031,2994.8,2600.9,3388.8,299483.0,260091.0,338875.0
appartement,Chotrana 1,5,0.7961,-20.4,2032,3101.9,2659.4,3544.4,310190.0,265936.0,354445.0
appartement,El Kantaoui,14,0.7344,-26.6,2026,2268.8,2099.3,2438.2,226875.0,209932.0,243818.0
appartement,El Kantaoui,14,0.7344,-26.6,2027,2367.5,2163.8,2571.3,236752.0,216378.0,257126.0
appartement,El Kantaoui,14,0.7344,-26.6,2028,2466.3,2225.8,2706.7,246629.0,222584.0,270674.0
appartement,El Kantaoui,14,0.7344,-26.6,2029,2565.1,2285.7,2844.4,256506.0,228568.0,284445.0
appartement,El Kantaoui,14,0.7344,-26.6,2030,2663.8,2343.4,2984.2,266383.0,234344.0,298423.0
appartement,El Kantaoui,14,0.7344,-26.6,2031,2762.6,2399.2,3126.0,276260.0,239923.0,312598.0
appartement,El Kantaoui,14,0.7344,-26.6,2032,2861.4,2453.1,3269.6,286138.0,245315.0,326961.0
appartement,Chott Meriem,8,0.7276,-27.2,2026,2247.8,2080.0,2415.7,224784.0,207997.0,241570.0
appartement,Chott Meriem,8,0.7276,-27.2,2027,2345.7,2143.8,2547.6,234570.0,214383.0,254756.0
appartement,Chott Meriem,8,0.7276,-27.2,2028,2443.6,2205.3,2681.8,244356.0,220532.0,268179.0
appartement,Chott Meriem,8,0.7276,-27.2,2029,2541.4,2264.6,2818.2,254142.0,226461.0,281823.0
appartement,Chott Meriem,8,0.7276,-27.2,2030,2639.3,2321.8,2956.7,263928.0,232184.0,295672.0
appartement,Chott Meriem,8,0.7276,-27.2,2031,2737.1,2377.1,3097.2,273714.0,237711.0,309717.0
appartement,Chott Meriem,8,0.7276,-27.2,2032,2835.0,2430.5,3239.5,283500.0,243053.0,323947.0
appartement,Ain Zaghouan,24,0.7093,-29.1,2026,2191.3,2027.7,2355.0,219131.0,202766.0,235495.0
appartement,Ain Zaghouan,24,0.7093,-29.1,2027,2286.7,2089.9,2483.5,228671.0,208992.0,248349.0
appartement,Ain Zaghouan,24,0.7093,-29.1,2028,2382.1,2149.9,2614.4,238211.0,214986.0,261435.0
appartement,Ain Zaghouan,24,0.7093,-29.1,2029,2477.5,2207.7,2747.4,247751.0,220766.0,274735.0
appartement,Ain Zaghouan,24,0.7093,-29.1,2030,2572.9,2263.4,2882.4,257290.0,226345.0,288236.0
appartement,Ain Zaghouan,24,0.7093,-29.1,2031,2668.3,2317.3,3019.3,266830.0,231733.0,301928.0
appartement,Ain Zaghouan,24,0.7093,-29.1,2032,2763.7,2369.4,3158.0,276370.0,236941.0,315800.0
appartement,La Soukra,29,0.697,-30.3,2026,2153.4,1992.6,2314.2,215342.0,199261.0,231424.0
appartement,La Soukra,29,0.697,-30.3,2027,2247.2,2053.8,2440.6,224717.0,205379.0,244056.0
appartement,La Soukra,29,0.697,-30.3,2028,2340.9,2112.7,2569.1,234092.0,211269.0,256915.0
appartement,La Soukra,29,0.697,-30.3,2029,2434.7,2169.5,2699.9,243467.0,216949.0,269985.0
appartement,La Soukra,29,0.697,-30.3,2030,2528.4,2224.3,2832.5,252842.0,222431.0,283253.0
appartement,La Soukra,29,0.697,-30.3,2031,2622.2,2277.3,2967.1,262217.0,227727.0,296708.0
appartement,La Soukra,29,0.697,-30.3,2032,2715.9,2328.4,3103.4,271592.0,232844.0,310340.0
appartement,Nabeul,19,0.6482,-35.2,2026,2002.4,1852.9,2151.9,200240.0,185287.0,215194.0
appartement,Nabeul,19,0.6482,-35.2,2027,2089.6,1909.8,2269.4,208958.0,190976.0,226940.0
appartement,Nabeul,19,0.6482,-35.2,2028,2176.8,1964.5,2389.0,217676.0,196453.0,238898.0
appartement,Nabeul,19,0.6482,-35.2,2029,2263.9,2017.3,2510.5,226393.0,201735.0,251051.0
appartement,Nabeul,19,0.6482,-35.2,2030,2351.1,2068.3,2633.9,235111.0,206832.0,263389.0
appartement,Nabeul,19,0.6482,-35.2,2031,2438.3,2117.6,2759.0,243828.0,211756.0,275900.0
appartement,Nabeul,19,0.6482,-35.2,2032,2525.5,2165.2,2885.8,252546.0,216515.0,288576.0
appartement,Hammamet,19,0.5749,-42.5,2026,1775.9,1643.3,1908.5,177592.0,164330.0,190854.0
appartement,Hammamet,19,0.5749,-42.5,2027,1853.2,1693.8,2012.7,185324.0,169375.0,201272.0
appartement,Hammamet,19,0.5749,-42.5,2028,1930.6,1742.3,2118.8,193055.0,174233.0,211877.0
appartement,Hammamet,19,0.5749,-42.5,2029,2007.9,1789.2,2226.6,200787.0,178917.0,222656.0
appartement,Hammamet,19,0.5749,-42.5,2030,2085.2,1834.4,2336.0,208518.0,183438.0,233598.0
appartement,Hammamet,19,0.5749,-42.5,2031,2162.5,1878.1,2446.9,216250.0,187806.0,244694.0
appartement,Hammamet,19,0.5749,-42.5,2032,2239.8,1920.3,2559.4,223981.0,192026.0,255936.0
appartement,Ennasr 2,29,0.5735,-42.7,2026,1771.6,1639.3,1903.9,177161.0,163931.0,190391.0
appartement,Ennasr 2,29,0.5735,-42.7,2027,1848.7,1689.6,2007.8,184873.0,168964.0,200783.0
appartement,Ennasr 2,29,0.5735,-42.7,2028,1925.9,1738.1,2113.6,192586.0,173810.0,211362.0
appartement,Ennasr 2,29,0.5735,-42.7,2029,2003.0,1784.8,2221.2,200299.0,178483.0,222115.0
appartement,Ennasr 2,29,0.5735,-42.7,2030,2080.1,1829.9,2330.3,208012.0,182993.0,233031.0
appartement,Ennasr 2,29,0.5735,-42.7,2031,2157.2,1873.5,2441.0,215724.0,187349.0,244100.0
appartement,Ennasr 2,29,0.5735,-42.7,2032,2234.4,1915.6,2553.1,223437.0,191560.0,255315.0
appartement,Riadh Al Andalous,7,0.5655,-43.5,2026,1746.9,1616.5,1877.4,174692.0,161646.0,187738.0
appartement,Riadh Al Andalous,7,0.5655,-43.5,2027,1823.0,1666.1,1979.9,182297.0,166609.0,197985.0
appartement,Riadh Al Andalous,7,0.5655,-43.5,2028,1899.0,1713.9,2084.2,189902.0,171388.0,208417.0
appartement,Riadh Al Andalous,7,0.5655,-43.5,2029,1975.1,1760.0,2190.2,197508.0,175995.0,219020.0
appartement,Riadh Al Andalous,7,0.5655,-43.5,2030,2051.1,1804.4,2297.8,205113.0,180443.0,229783.0
appartement,Riadh Al Andalous,7,0.5655,-43.5,2031,2127.2,1847.4,2407.0,212718.0,184739.0,240698.0
appartement,Riadh Al Andalous,7,0.5655,-43.5,2032,2203.2,1888.9,2517.6,220323.0,188890.0,251757.0
appartement,El Aouina,28,0.5106,-48.9,2026,1577.3,1459.5,1695.1,157734.0,145954.0,169513.0
appartement,El Aouina,28,0.5106,-48.9,2027,1646.0,1504.4,1787.7,164601.0,150436.0,178766.0
appartement,El Aouina,28,0.5106,-48.9,2028,1714.7,1547.5,1881.9,171468.0,154750.0,188185.0
appartement,El Aouina,28,0.5106,-48.9,2029,1783.3,1589.1,1977.6,178335.0,158911.0,197759.0
appartement,El Aouina,28,0.5106,-48.9,2030,1852.0,1629.3,2074.8,185202.0,162926.0,207477.0
appartement,El Aouina,28,0.5106,-48.9,2031,1920.7,1668.1,2173.3,192069.0,166805.0,217332.0
appartement,El Aouina,28,0.5106,-48.9,2032,1989.4,1705.5,2273.2,198936.0,170554.0,227318.0
appartement,El Menzah,7,0.4914,-50.9,2026,1518.0,1404.6,1631.4,151800.0,140464.0,163136.0
appartement,El Menzah,7,0.4914,-50.9,2027,1584.1,1447.8,1720.4,158409.0,144777.0,172041.0
appartement,El Menzah,7,0.4914,-50.9,2028,1650.2,1489.3,1811.1,165018.0,148929.0,181106.0
appartement,El Menzah,7,0.4914,-50.9,2029,1716.3,1529.3,1903.2,171626.0,152933.0,190319.0
appartement,El Menzah,7,0.4914,-50.9,2030,1782.3,1568.0,1996.7,178235.0,156797.0,199672.0
appartement,El Menzah,7,0.4914,-50.9,2031,1848.4,1605.3,2091.6,184844.0,160530.0,209157.0
appartement,El Menzah,7,0.4914,-50.9,2032,1914.5,1641.4,2187.7,191452.0,164138.0,218766.0
appartement,Ariana,8,0.4891,-51.1,2026,1511.1,1398.3,1623.9,151110.0,139825.0,162395.0
appartement,Ariana,8,0.4891,-51.1,2027,1576.9,1441.2,1712.6,157689.0,144119.0,171259.0
appartement,Ariana,8,0.4891,-51.1,2028,1642.7,1482.5,1802.8,164267.0,148252.0,180283.0
appartement,Ariana,8,0.4891,-51.1,2029,1708.5,1522.4,1894.5,170846.0,152238.0,189454.0
appartement,Ariana,8,0.4891,-51.1,2030,1774.2,1560.8,1987.6,177425.0,156085.0,198765.0
appartement,Ariana,8,0.4891,-51.1,2031,1840.0,1598.0,2082.1,184003.0,159801.0,208206.0
appartement,Ariana,8,0.4891,-51.1,2032,1905.8,1633.9,2177.7,190582.0,163392.0,217772.0
appartement,Ezzahra,8,0.4499,-55.0,2026,1389.8,1286.0,1493.6,138981.0,128602.0,149359.0
appartement,Ezzahra,8,0.4499,-55.0,2027,1450.3,1325.5,1575.1,145031.0,132550.0,157512.0
appartement,Ezzahra,8,0.4499,-55.0,2028,1510.8,1363.5,1658.1,151082.0,136352.0,165811.0
appartement,Ezzahra,8,0.4499,-55.0,2029,1571.3,1400.2,1742.5,157132.0,140018.0,174247.0
appartement,Ezzahra,8,0.4499,-55.0,2030,1631.8,1435.6,1828.1,163183.0,143556.0,182810.0
appartement,Ezzahra,8,0.4499,-55.0,2031,1692.3,1469.7,1914.9,169233.0,146973.0,191493.0
appartement,Ezzahra,8,0.4499,-55.0,2032,1752.8,1502.8,2002.9,175284.0,150276.0,200291.0
appartement,Hammam Sousse,13,0.4135,-58.6,2026,1277.6,1182.2,1373.0,127756.0,118215.0,137297.0
appartement,Hammam Sousse,13,0.4135,-58.6,2027,1333.2,1218.4,1447.9,133318.0,121845.0,144791.0
appartement,Hammam Sousse,13,0.4135,-58.6,2028,1388.8,1253.4,1524.2,138880.0,125340.0,152420.0
appartement,Hammam Sousse,13,0.4135,-58.6,2029,1444.4,1287.1,1601.7,144442.0,128709.0,160174.0
appartement,Hammam Sousse,13,0.4135,-58.6,2030,1500.0,1319.6,1680.5,150004.0,131962.0,168045.0
appartement,Hammam Sousse,13,0.4135,-58.6,2031,1555.7,1351.0,1760.3,155565.0,135103.0,176028.0
appartement,Hammam Sousse,13,0.4135,-58.6,2032,1611.3,1381.4,1841.2,161127.0,138139.0,184115.0
appartement,Sousse,5,0.3237,-67.6,2026,999.9,925.3,1074.6,99995.0,92527.0,107462.0
appartement,Sousse,5,0.3237,-67.6,2027,1043.5,953.7,1133.3,104348.0,95368.0,113328.0
appartement,Sousse,5,0.3237,-67.6,2028,1087.0,981.0,1193.0,108701.0,98103.0,119299.0
appartement,Sousse,5,0.3237,-67.6,2029,1130.5,1007.4,1253.7,113054.0,100741.0,125368.0
appartement,Sousse,5,0.3237,-67.6,2030,1174.1,1032.9,1315.3,117408.0,103286.0,131529.0
appartement,Sousse,5,0.3237,-67.6,2031,1217.6,1057.5,1377.8,121761.0,105745.0,137777.0
appartement,Sousse,5,0.3237,-67.6,2032,1261.1,1081.2,1441.1,126114.0,108122.0,144107.0
appartement,El Mourouj,22,0.2821,-71.8,2026,871.6,806.5,936.7,87164.0,80654.0,93673.0
appartement,El Mourouj,22,0.2821,-71.8,2027,909.6,831.3,987.9,90958.0,83131.0,98786.0
appartement,El Mourouj,22,0.2821,-71.8,2028,947.5,855.2,1039.9,94753.0,85515.0,103991.0
appartement,El Mourouj,22,0.2821,-71.8,2029,985.5,878.1,1092.8,98548.0,87814.0,109282.0
appartement,El Mourouj,22,0.2821,-71.8,2030,1023.4,900.3,1146.5,102343.0,90033.0,114652.0
appartement,El Mourouj,22,0.2821,-71.8,2031,1061.4,921.8,1201.0,106137.0,92177.0,120098.0
appartement,El Mourouj,22,0.2821,-71.8,2032,1099.3,942.5,1256.2,109932.0,94248.0,125616.0
maison,Jardins de Carthage,5,2.9682,196.8,2026,5925.2,5324.5,6525.8,592519.0,532454.0,652584.0
maison,Jardins de Carthage,5,2.9682,196.8,2027,6220.2,5476.6,6963.7,622018.0,547662.0,696375.0
maison,Jardins de Carthage,5,2.9682,196.8,2028,6514.6,5618.7,7410.4,651456.0,561872.0,741040.0
maison,Jardins de Carthage,5,2.9682,196.8,2029,6809.1,5752.4,7865.7,680907.0,575240.0,786574.0
maison,Jardins de Carthage,5,2.9682,196.8,2030,7103.5,5877.8,8329.3,710355.0,587777.0,832933.0
maison,Jardins de Carthage,5,2.9682,196.8,2031,7398.0,5995.2,8800.9,739803.0,599521.0,880086.0
maison,Jardins de Carthage,5,2.9682,196.8,2032,7692.5,6105.0,9280.0,769252.0,610502.0,928001.0
maison,Ain Zaghouan,5,1.9718,97.2,2026,3936.1,3537.1,4335.1,393609.0,353708.0,433510.0
maison,Ain Zaghouan,5,1.9718,97.2,2027,4132.1,3638.1,4626.0,413205.0,363811.0,462600.0
maison,Ain Zaghouan,5,1.9718,97.2,2028,4327.6,3732.5,4922.7,432761.0,373250.0,492271.0
maison,Ain Zaghouan,5,1.9718,97.2,2029,4523.2,3821.3,5225.2,452325.0,382131.0,522519.0
maison,Ain Zaghouan,5,1.9718,97.2,2030,4718.9,3904.6,5533.2,471887.0,390459.0,553315.0
maison,Ain Zaghouan,5,1.9718,97.2,2031,4914.5,3982.6,5846.4,491450.0,398260.0,584639.0
maison,Ain Zaghouan,5,1.9718,97.2,2032,5110.1,4055.6,6164.7,511012.0,405555.0,616469.0
maison,La Soukra,14,1.8014,80.1,2026,3596.0,3231.5,3960.6,359603.0,323149.0,396057.0
maison,La Soukra,14,1.8014,80.1,2027,3775.1,3323.8,4226.3,377506.0,332379.0,422633.0
maison,La Soukra,14,1.8014,80.1,2028,3953.7,3410.0,4497.4,395372.0,341003.0,449741.0
maison,La Soukra,14,1.8014,80.1,2029,4132.5,3491.2,4773.8,413246.0,349116.0,477375.0
maison,La Soukra,14,1.8014,80.1,2030,4311.2,3567.2,5055.1,431118.0,356725.0,505511.0
maison,La Soukra,14,1.8014,80.1,2031,4489.9,3638.5,5341.3,448990.0,363852.0,534128.0
maison,La Soukra,14,1.8014,80.1,2032,4668.6,3705.2,5632.1,466863.0,370517.0,563209.0
maison,El Menzah,8,1.4213,42.1,2026,2837.3,2549.6,3124.9,283725.0,254963.0,312487.0
maison,El Menzah,8,1.4213,42.1,2027,2978.5,2622.5,3334.6,297851.0,262246.0,333456.0
maison,El Menzah,8,1.4213,42.1,2028,3119.5,2690.5,3548.4,311947.0,269050.0,354844.0
maison,El Menzah,8,1.4213,42.1,2029,3260.5,2754.5,3766.5,326049.0,275451.0,376647.0
maison,El Menzah,8,1.4213,42.1,2030,3401.5,2814.5,3988.5,340150.0,281454.0,398846.0
maison,El Menzah,8,1.4213,42.1,2031,3542.5,2870.8,4214.3,354251.0,287078.0,421425.0
maison,El Menzah,8,1.4213,42.1,2032,3683.5,2923.4,4443.7,368353.0,292336.0,444369.0
maison,El Mourouj,8,1.2508,25.1,2026,2496.8,2243.7,2749.9,249681.0,224370.0,274991.0
maison,El Mourouj,8,1.2508,25.1,2027,2621.1,2307.8,2934.4,262111.0,230778.0,293444.0
maison,El Mourouj,8,1.2508,25.1,2028,2745.2,2367.7,3122.7,274516.0,236766.0,312265.0
maison,El Mourouj,8,1.2508,25.1,2029,2869.3,2424.0,3314.5,286926.0,242399.0,331453.0
maison,El Mourouj,8,1.2508,25.1,2030,2993.4,2476.8,3509.9,299335.0,247682.0,350988.0
maison,El Mourouj,8,1.2508,25.1,2031,3117.4,2526.3,3708.6,311744.0,252631.0,370858.0
maison,El Mourouj,8,1.2508,25.1,2032,3241.5,2572.6,3910.5,324154.0,257258.0,391049.0
maison,Hammamet,39,1.0,0.0,2026,1996.2,1793.9,2198.6,199621.0,179385.0,219857.0
maison,Hammamet,39,1.0,0.0,2027,2095.6,1845.1,2346.1,209559.0,184509.0,234610.0
maison,Hammamet,39,1.0,0.0,2028,2194.8,1893.0,2496.6,219477.0,189296.0,249658.0
maison,Hammamet,39,1.0,0.0,2029,2294.0,1938.0,2650.0,229399.0,193800.0,264998.0
maison,Hammamet,39,1.0,0.0,2030,2393.2,1980.2,2806.2,239320.0,198023.0,280617.0
maison,Hammamet,39,1.0,0.0,2031,2492.4,2019.8,2965.0,249241.0,201980.0,296503.0
maison,Hammamet,39,1.0,0.0,2032,2591.6,2056.8,3126.5,259163.0,205680.0,312646.0
maison,Borj Cedria,7,0.7583,-24.2,2026,1513.7,1360.2,1667.1,151368.0,136024.0,166713.0
maison,Borj Cedria,7,0.7583,-24.2,2027,1589.0,1399.1,1779.0,158904.0,139909.0,177900.0
maison,Borj Cedria,7,0.7583,-24.2,2028,1664.2,1435.4,1893.1,166425.0,143539.0,189310.0
maison,Borj Cedria,7,0.7583,-24.2,2029,1739.5,1469.5,2009.4,173948.0,146954.0,200942.0
maison,Borj Cedria,7,0.7583,-24.2,2030,1814.7,1501.6,2127.9,181471.0,150157.0,212786.0
maison,Borj Cedria,7,0.7583,-24.2,2031,1889.9,1531.6,2248.3,188994.0,153157.0,224832.0
maison,Borj Cedria,7,0.7583,-24.2,2032,1965.2,1559.6,2370.7,196517.0,155962.0,237072.0
maison,Hammam Sousse,5,0.69,-31.0,2026,1377.4,1237.8,1517.1,137743.0,123780.0,151706.0
maison,Hammam Sousse,5,0.69,-31.0,2027,1446.0,1273.1,1618.9,144601.0,127315.0,161886.0
maison,Hammam Sousse,5,0.69,-31.0,2028,1514.4,1306.2,1722.7,151444.0,130618.0,172270.0
maison,Hammam Sousse,5,0.69,-31.0,2029,1582.9,1337.3,1828.5,158290.0,133726.0,182855.0
maison,Hammam Sousse,5,0.69,-31.0,2030,1651.4,1366.4,1936.3,165136.0,136640.0,193632.0
maison,Hammam Sousse,5,0.69,-31.0,2031,1719.8,1393.7,2045.9,171982.0,139371.0,204593.0
maison,Hammam Sousse,5,0.69,-31.0,2032,1788.3,1419.2,2157.3,178828.0,141923.0,215732.0
maison,Raoued,5,0.5586,-44.1,2026,1115.0,1002.0,1228.0,111499.0,100196.0,122802.0
maison,Raoued,5,0.5586,-44.1,2027,1170.5,1030.6,1310.4,117050.0,103058.0,131043.0
maison,Raoued,5,0.5586,-44.1,2028,1225.9,1057.3,1394.5,122590.0,105732.0,139448.0
maison,Raoued,5,0.5586,-44.1,2029,1281.3,1082.5,1480.2,128132.0,108248.0,148016.0
maison,Raoued,5,0.5586,-44.1,2030,1336.7,1106.1,1567.4,133673.0,110607.0,156740.0
maison,Raoued,5,0.5586,-44.1,2031,1392.2,1128.2,1656.1,139215.0,112817.0,165613.0
maison,Raoued,5,0.5586,-44.1,2032,1447.6,1148.8,1746.3,144757.0,114883.0,174630.0
terrain,El Menzah,14,5.3569,435.7,2026,4701.5,4343.7,5059.3,470150.0,434374.0,505926.0
terrain,El Menzah,14,5.3569,435.7,2027,4936.1,4477.5,5394.7,493612.0,447751.0,539472.0
terrain,El Menzah,14,5.3569,435.7,2028,5170.2,4603.4,5737.0,517019.0,460342.0,573695.0
terrain,El Menzah,14,5.3569,435.7,2029,5404.3,4722.5,6086.2,540435.0,472249.0,608621.0
terrain,El Menzah,14,5.3569,435.7,2030,5638.5,4834.9,6442.1,563849.0,483493.0,644206.0
terrain,El Menzah,14,5.3569,435.7,2031,5872.6,4941.1,6804.2,587264.0,494105.0,680424.0
terrain,El Menzah,14,5.3569,435.7,2032,6106.8,5041.1,7172.5,610679.0,504113.0,717245.0
terrain,Ennasr 2,7,2.5095,150.9,2026,2202.5,2034.9,2370.0,220245.0,203486.0,237005.0
terrain,Ennasr 2,7,2.5095,150.9,2027,2312.4,2097.5,2527.2,231236.0,209752.0,252720.0
terrain,Ennasr 2,7,2.5095,150.9,2028,2422.0,2156.5,2687.5,242201.0,215651.0,268752.0
terrain,Ennasr 2,7,2.5095,150.9,2029,2531.7,2212.3,2851.1,253171.0,221229.0,285113.0
terrain,Ennasr 2,7,2.5095,150.9,2030,2641.4,2265.0,3017.8,264140.0,226496.0,301783.0
terrain,Ennasr 2,7,2.5095,150.9,2031,2751.1,2314.7,3187.5,275108.0,231467.0,318750.0
terrain,Ennasr 2,7,2.5095,150.9,2032,2860.8,2361.6,3360.0,286077.0,236156.0,335999.0
terrain,Chotrana 3,5,2.3124,131.2,2026,2029.5,1875.0,2183.9,202945.0,187502.0,218388.0
terrain,Chotrana 3,5,2.3124,131.2,2027,2130.7,1932.8,2328.7,213072.0,193276.0,232869.0
terrain,Chotrana 3,5,2.3124,131.2,2028,2231.8,1987.1,2476.4,223176.0,198711.0,247641.0
terrain,Chotrana 3,5,2.3124,131.2,2029,2332.8,2038.5,2627.2,233284.0,203851.0,262717.0
terrain,Chotrana 3,5,2.3124,131.2,2030,2433.9,2087.0,2780.8,243391.0,208705.0,278078.0
terrain,Chotrana 3,5,2.3124,131.2,2031,2535.0,2132.9,2937.1,253499.0,213285.0,293712.0
terrain,Chotrana 3,5,2.3124,131.2,2032,2636.1,2176.1,3096.1,263606.0,217606.0,309606.0
terrain,La Soukra,20,2.2381,123.8,2026,1964.3,1814.8,2113.7,196427.0,181480.0,211374.0
terrain,La Soukra,20,2.2381,123.8,2027,2062.3,1870.7,2253.9,206229.0,187069.0,225390.0
terrain,La Soukra,20,2.2381,123.8,2028,2160.1,1923.3,2396.9,216009.0,192329.0,239688.0
terrain,La Soukra,20,2.2381,123.8,2029,2257.9,1973.0,2542.8,225792.0,197304.0,254280.0
terrain,La Soukra,20,2.2381,123.8,2030,2355.7,2020.0,2691.5,235574.0,202002.0,269147.0
terrain,La Soukra,20,2.2381,123.8,2031,2453.6,2064.4,2842.8,245357.0,206435.0,284279.0
terrain,La Soukra,20,2.2381,123.8,2032,2551.4,2106.2,2996.6,255140.0,210617.0,299663.0
terrain,Cite El Ghazala 1,5,1.8501,85.0,2026,1623.8,1500.2,1747.3,162376.0,150020.0,174732.0
terrain,Cite El Ghazala 1,5,1.8501,85.0,2027,1704.8,1546.4,1863.2,170479.0,154640.0,186318.0
terrain,Cite El Ghazala 1,5,1.8501,85.0,2028,1785.6,1589.9,1981.4,178563.0,158989.0,198138.0
terrain,Cite El Ghazala 1,5,1.8501,85.0,2029,1866.5,1631.0,2102.0,186651.0,163101.0,210200.0
terrain,Cite El Ghazala 1,5,1.8501,85.0,2030,1947.4,1669.8,2224.9,194737.0,166984.0,222490.0
terrain,Cite El Ghazala 1,5,1.8501,85.0,2031,2028.2,1706.5,2350.0,202824.0,170650.0,234999.0
terrain,Cite El Ghazala 1,5,1.8501,85.0,2032,2109.1,1741.1,2477.2,210911.0,174106.0,247716.0
terrain,Nabeul,5,1.5009,50.1,2026,1317.2,1217.0,1417.5,131723.0,121700.0,141746.0
terrain,Nabeul,5,1.5009,50.1,2027,1383.0,1254.5,1511.5,138296.0,125448.0,151145.0
terrain,Nabeul,5,1.5009,50.1,2028,1448.5,1289.8,1607.3,144854.0,128975.0,160733.0
terrain,Nabeul,5,1.5009,50.1,2029,1514.1,1323.1,1705.2,151415.0,132311.0,170519.0
terrain,Nabeul,5,1.5009,50.1,2030,1579.8,1354.6,1804.9,157975.0,135461.0,180489.0
terrain,Nabeul,5,1.5009,50.1,2031,1645.4,1384.3,1906.4,164535.0,138435.0,190636.0
terrain,Nabeul,5,1.5009,50.1,2032,1711.0,1412.4,2009.5,171095.0,141239.0,200952.0
terrain,Hammam Sousse,20,1.4367,43.7,2026,1260.9,1165.0,1356.9,126094.0,116499.0,135689.0
terrain,Hammam Sousse,20,1.4367,43.7,2027,1323.9,1200.9,1446.9,132386.0,120086.0,144686.0
terrain,Hammam Sousse,20,1.4367,43.7,2028,1386.6,1234.6,1538.6,138664.0,123463.0,153864.0
terrain,Hammam Sousse,20,1.4367,43.7,2029,1449.4,1266.6,1632.3,144944.0,126657.0,163231.0
terrain,Hammam Sousse,20,1.4367,43.7,2030,1512.2,1296.7,1727.8,151224.0,129672.0,172775.0
terrain,Hammam Sousse,20,1.4367,43.7,2031,1575.0,1325.2,1824.9,157503.0,132518.0,182489.0
terrain,Hammam Sousse,20,1.4367,43.7,2032,1637.8,1352.0,1923.6,163783.0,135202.0,192364.0
terrain,Kalaa El Kebira,10,1.4259,42.6,2026,1251.4,1156.2,1346.6,125142.0,115619.0,134664.0
terrain,Kalaa El Kebira,10,1.4259,42.6,2027,1313.9,1191.8,1435.9,131387.0,119180.0,143593.0
terrain,Kalaa El Kebira,10,1.4259,42.6,2028,1376.2,1225.3,1527.0,137617.0,122531.0,152703.0
terrain,Kalaa El Kebira,10,1.4259,42.6,2029,1438.5,1257.0,1620.0,143850.0,125700.0,161999.0
terrain,Kalaa El Kebira,10,1.4259,42.6,2030,1500.8,1286.9,1714.7,150082.0,128693.0,171471.0
terrain,Kalaa El Kebira,10,1.4259,42.6,2031,1563.1,1315.2,1811.1,156315.0,131518.0,181111.0
terrain,Kalaa El Kebira,10,1.4259,42.6,2032,1625.5,1341.8,1909.1,162547.0,134182.0,190912.0
terrain,Riadh Al Andalous,6,1.404,40.4,2026,1232.2,1138.4,1326.0,123221.0,113845.0,132598.0
terrain,Riadh Al Andalous,6,1.404,40.4,2027,1293.7,1173.5,1413.9,129370.0,117351.0,141390.0
terrain,Riadh Al Andalous,6,1.404,40.4,2028,1355.1,1206.5,1503.6,135505.0,120651.0,150359.0
terrain,Riadh Al Andalous,6,1.404,40.4,2029,1416.4,1237.7,1595.1,141642.0,123771.0,159513.0
terrain,Riadh Al Andalous,6,1.404,40.4,2030,1477.8,1267.2,1688.4,147779.0,126718.0,168840.0
terrain,Riadh Al Andalous,6,1.404,40.4,2031,1539.2,1295.0,1783.3,153916.0,129500.0,178332.0
terrain,Riadh Al Andalous,6,1.404,40.4,2032,1600.5,1321.2,1879.8,160053.0,132123.0,187982.0
terrain,El Kantaoui,7,1.4037,40.4,2026,1232.0,1138.2,1325.7,123198.0,113824.0,132573.0
terrain,El Kantaoui,7,1.4037,40.4,2027,1293.5,1173.3,1413.6,129346.0,117329.0,141363.0
terrain,El Kantaoui,7,1.4037,40.4,2028,1354.8,1206.3,1503.3,135480.0,120628.0,150331.0
terrain,El Kantaoui,7,1.4037,40.4,2029,1416.2,1237.5,1594.8,141616.0,123748.0,159483.0
terrain,El Kantaoui,7,1.4037,40.4,2030,1477.5,1266.9,1688.1,147751.0,126695.0,168808.0
terrain,El Kantaoui,7,1.4037,40.4,2031,1538.9,1294.8,1783.0,153887.0,129476.0,178299.0
terrain,El Kantaoui,7,1.4037,40.4,2032,1600.2,1321.0,1879.5,160023.0,132098.0,187947.0
terrain,Hergla,9,1.2044,20.4,2026,1057.0,976.6,1137.4,105701.0,97657.0,113744.0
terrain,Hergla,9,1.2044,20.4,2027,1109.8,1006.6,1212.9,110975.0,100665.0,121286.0
terrain,Hergla,9,1.2044,20.4,2028,1162.4,1035.0,1289.8,116238.0,103496.0,128980.0
terrain,Hergla,9,1.2044,20.4,2029,1215.0,1061.7,1368.3,121502.0,106172.0,136832.0
terrain,Hergla,9,1.2044,20.4,2030,1267.7,1087.0,1448.3,126766.0,108700.0,144832.0
terrain,Hergla,9,1.2044,20.4,2031,1320.3,1110.9,1529.7,132031.0,111086.0,152975.0
terrain,Hergla,9,1.2044,20.4,2032,1372.9,1133.4,1612.5,137295.0,113336.0,161253.0
terrain,Sidi Thabet,7,1.1221,12.2,2026,984.8,909.9,1059.8,98483.0,90989.0,105977.0
terrain,Sidi Thabet,7,1.1221,12.2,2027,1034.0,937.9,1130.0,103398.0,93791.0,113004.0
terrain,Sidi Thabet,7,1.1221,12.2,2028,1083.0,964.3,1201.7,108301.0,96429.0,120173.0
terrain,Sidi Thabet,7,1.1221,12.2,2029,1132.1,989.2,1274.9,113206.0,98923.0,127489.0
terrain,Sidi Thabet,7,1.1221,12.2,2030,1181.1,1012.8,1349.4,118111.0,101278.0,134943.0
terrain,Sidi Thabet,7,1.1221,12.2,2031,1230.2,1035.0,1425.3,123015.0,103501.0,142530.0
terrain,Sidi Thabet,7,1.1221,12.2,2032,1279.2,1056.0,1502.4,127920.0,105598.0,150243.0
terrain,Cite Touristique,9,1.0828,8.3,2026,950.3,878.0,1022.6,95029.0,87798.0,102260.0
terrain,Cite Touristique,9,1.0828,8.3,2027,997.7,905.0,1090.4,99771.0,90501.0,109040.0
terrain,Cite Touristique,9,1.0828,8.3,2028,1045.0,930.5,1159.6,104502.0,93046.0,115958.0
terrain,Cite Touristique,9,1.0828,8.3,2029,1092.3,954.5,1230.2,109235.0,95453.0,123017.0
terrain,Cite Touristique,9,1.0828,8.3,2030,1139.7,977.3,1302.1,113968.0,97726.0,130210.0
terrain,Cite Touristique,9,1.0828,8.3,2031,1187.0,998.7,1375.3,118700.0,99871.0,137530.0
terrain,Cite Touristique,9,1.0828,8.3,2032,1234.3,1018.9,1449.7,123433.0,101893.0,144973.0
terrain,Oued Ellil,6,1.063,6.3,2026,932.9,861.9,1003.9,93292.0,86193.0,100391.0
terrain,Oued Ellil,6,1.063,6.3,2027,979.5,888.5,1070.5,97947.0,88847.0,107047.0
terrain,Oued Ellil,6,1.063,6.3,2028,1025.9,913.5,1138.4,102592.0,91345.0,113838.0
terrain,Oued Ellil,6,1.063,6.3,2029,1072.4,937.1,1207.7,107238.0,93708.0,120768.0
terrain,Oued Ellil,6,1.063,6.3,2030,1118.8,959.4,1278.3,111884.0,95939.0,127829.0
terrain,Oued Ellil,6,1.063,6.3,2031,1165.3,980.4,1350.2,116531.0,98045.0,135016.0
terrain,Oued Ellil,6,1.063,6.3,2032,1211.8,1000.3,1423.2,121177.0,100031.0,142323.0
terrain,Akouda,15,1.0624,6.2,2026,932.4,861.5,1003.4,93245.0,86149.0,100340.0
terrain,Akouda,15,1.0624,6.2,2027,979.0,888.0,1069.9,97898.0,88803.0,106993.0
terrain,Akouda,15,1.0624,6.2,2028,1025.4,913.0,1137.8,102540.0,91300.0,113781.0
terrain,Akouda,15,1.0624,6.2,2029,1071.8,936.6,1207.1,107184.0,93661.0,120708.0
terrain,Akouda,15,1.0624,6.2,2030,1118.3,958.9,1277.7,111828.0,95891.0,127765.0
terrain,Akouda,15,1.0624,6.2,2031,1164.7,980.0,1349.5,116472.0,97996.0,134948.0
terrain,Akouda,15,1.0624,6.2,2032,1211.2,999.8,1422.5,121116.0,99981.0,142251.0
terrain,Boumhel,11,1.0586,5.9,2026,929.1,858.4,999.8,92911.0,85841.0,99981.0
terrain,Boumhel,11,1.0586,5.9,2027,975.5,884.8,1066.1,97547.0,88484.0,106610.0
terrain,Boumhel,11,1.0586,5.9,2028,1021.7,909.7,1133.7,102173.0,90973.0,113373.0
terrain,Boumhel,11,1.0586,5.9,2029,1068.0,933.3,1202.8,106801.0,93326.0,120275.0
terrain,Boumhel,11,1.0586,5.9,2030,1114.3,955.5,1273.1,111428.0,95548.0,127308.0
terrain,Boumhel,11,1.0586,5.9,2031,1160.5,976.4,1344.7,116055.0,97645.0,134465.0
terrain,Boumhel,11,1.0586,5.9,2032,1206.8,996.2,1417.4,120682.0,99623.0,141742.0
terrain,Ariana,11,1.0409,4.1,2026,913.5,844.0,983.0,91352.0,84400.0,98303.0
terrain,Ariana,11,1.0409,4.1,2027,959.1,870.0,1048.2,95910.0,87000.0,104821.0
terrain,Ariana,11,1.0409,4.1,2028,1004.6,894.5,1114.7,100458.0,89446.0,111471.0
terrain,Ariana,11,1.0409,4.1,2029,1050.1,917.6,1182.6,105008.0,91760.0,118257.0
terrain,Ariana,11,1.0409,4.1,2030,1095.6,939.4,1251.7,109558.0,93944.0,125171.0
terrain,Ariana,11,1.0409,4.1,2031,1141.1,960.1,1322.1,114107.0,96006.0,132209.0
terrain,Ariana,11,1.0409,4.1,2032,1186.6,979.5,1393.6,118657.0,97951.0,139363.0
terrain,Borj Touil,9,1.0196,2.0,2026,894.8,826.8,962.9,89484.0,82675.0,96294.0
terrain,Borj Touil,9,1.0196,2.0,2027,939.5,852.2,1026.8,93950.0,85221.0,102679.0
terrain,Borj Touil,9,1.0196,2.0,2028,984.0,876.2,1091.9,98405.0,87618.0,109192.0
terrain,Borj Touil,9,1.0196,2.0,2029,1028.6,898.8,1158.4,102862.0,89884.0,115840.0
terrain,Borj Touil,9,1.0196,2.0,2030,1073.2,920.2,1226.1,107318.0,92024.0,122613.0
terrain,Borj Touil,9,1.0196,2.0,2031,1117.7,940.4,1295.1,111775.0,94044.0,129506.0
terrain,Borj Touil,9,1.0196,2.0,2032,1162.3,959.5,1365.1,116232.0,95949.0,136514.0
terrain,Hammamet,72,1.0,0.0,2026,877.6,810.9,944.4,87765.0,81087.0,94443.0
terrain,Hammamet,72,1.0,0.0,2027,921.4,835.8,1007.1,92145.0,83584.0,100706.0
terrain,Hammamet,72,1.0,0.0,2028,965.1,859.3,1070.9,96514.0,85934.0,107094.0
terrain,Hammamet,72,1.0,0.0,2029,1008.9,881.6,1136.1,100885.0,88157.0,113614.0
terrain,Hammamet,72,1.0,0.0,2030,1052.6,902.6,1202.6,105256.0,90256.0,120257.0
terrain,Hammamet,72,1.0,0.0,2031,1096.3,922.4,1270.2,109627.0,92237.0,127018.0
terrain,Hammamet,72,1.0,0.0,2032,1140.0,941.0,1338.9,113998.0,94105.0,133891.0
terrain,Borj Louzir,5,0.99,-1.0,2026,868.9,802.8,935.0,86892.0,80280.0,93504.0
terrain,Borj Louzir,5,0.99,-1.0,2027,912.3,827.5,997.0,91228.0,82752.0,99703.0
terrain,Borj Louzir,5,0.99,-1.0,2028,955.5,850.8,1060.3,95554.0,85079.0,106029.0
terrain,Borj Louzir,5,0.99,-1.0,2029,998.8,872.8,1124.8,99881.0,87280.0,112483.0
terrain,Borj Louzir,5,0.99,-1.0,2030,1042.1,893.6,1190.6,104209.0,89358.0,119060.0
terrain,Borj Louzir,5,0.99,-1.0,2031,1085.4,913.2,1257.5,108536.0,91319.0,125754.0
terrain,Borj Louzir,5,0.99,-1.0,2032,1128.6,931.7,1325.6,112864.0,93169.0,132559.0
terrain,Borj Youssef,5,0.9371,-6.3,2026,822.5,759.9,885.1,82247.0,75988.0,88505.0
terrain,Borj Youssef,5,0.9371,-6.3,2027,863.5,783.3,943.7,86351.0,78328.0,94374.0
terrain,Borj Youssef,5,0.9371,-6.3,2028,904.5,805.3,1003.6,90446.0,80531.0,100361.0
terrain,Borj Youssef,5,0.9371,-6.3,2029,945.4,826.1,1064.7,94542.0,82614.0,106470.0
terrain,Borj Youssef,5,0.9371,-6.3,2030,986.4,845.8,1127.0,98638.0,84581.0,112696.0
terrain,Borj Youssef,5,0.9371,-6.3,2031,1027.3,864.4,1190.3,102734.0,86437.0,119031.0
terrain,Borj Youssef,5,0.9371,-6.3,2032,1068.3,881.9,1254.7,106831.0,88188.0,125473.0
terrain,Chott Meriem,32,0.9348,-6.5,2026,820.5,758.0,882.9,82046.0,75802.0,88289.0
terrain,Chott Meriem,32,0.9348,-6.5,2027,861.4,781.4,941.4,86140.0,78137.0,94143.0
terrain,Chott Meriem,32,0.9348,-6.5,2028,902.2,803.3,1001.2,90225.0,80334.0,100115.0
terrain,Chott Meriem,32,0.9348,-6.5,2029,943.1,824.1,1062.1,94311.0,82412.0,106210.0
terrain,Chott Meriem,32,0.9348,-6.5,2030,984.0,843.7,1124.2,98397.0,84374.0,112420.0
terrain,Chott Meriem,32,0.9348,-6.5,2031,1024.8,862.3,1187.4,102483.0,86226.0,118740.0
terrain,Chott Meriem,32,0.9348,-6.5,2032,1065.7,879.7,1251.7,106569.0,87972.0,125166.0
terrain,Mnihla,5,0.8837,-11.6,2026,775.6,716.6,834.6,77560.0,71658.0,83462.0
terrain,Mnihla,5,0.8837,-11.6,2027,814.3,738.6,890.0,81430.0,73865.0,88996.0
terrain,Mnihla,5,0.8837,-11.6,2028,852.9,759.4,946.4,85292.0,75942.0,94641.0
terrain,Mnihla,5,0.8837,-11.6,2029,891.5,779.1,1004.0,89155.0,77906.0,100403.0
terrain,Mnihla,5,0.8837,-11.6,2030,930.2,797.6,1062.7,93017.0,79761.0,106274.0
terrain,Mnihla,5,0.8837,-11.6,2031,968.8,815.1,1122.5,96880.0,81512.0,112248.0
terrain,Mnihla,5,0.8837,-11.6,2032,1007.4,831.6,1183.2,100743.0,83163.0,118323.0
terrain,Borj Cedria,20,0.8676,-13.2,2026,761.5,703.5,819.4,76149.0,70355.0,81944.0
terrain,Borj Cedria,20,0.8676,-13.2,2027,799.5,725.2,873.8,79949.0,72521.0,87377.0
terrain,Borj Cedria,20,0.8676,-13.2,2028,837.4,745.6,929.2,83740.0,74560.0,92920.0
terrain,Borj Cedria,20,0.8676,-13.2,2029,875.3,764.9,985.8,87533.0,76489.0,98577.0
terrain,Borj Cedria,20,0.8676,-13.2,2030,913.3,783.1,1043.4,91325.0,78310.0,104340.0
terrain,Borj Cedria,20,0.8676,-13.2,2031,951.2,800.3,1102.1,95118.0,80029.0,110207.0
terrain,Borj Cedria,20,0.8676,-13.2,2032,989.1,816.5,1161.7,98910.0,81650.0,116170.0
terrain,La Manouba,9,0.7987,-20.1,2026,701.0,647.6,754.3,70097.0,64763.0,75431.0
terrain,La Manouba,9,0.7987,-20.1,2027,736.0,667.6,804.3,73595.0,66758.0,80433.0
terrain,La Manouba,9,0.7987,-20.1,2028,770.8,686.3,855.4,77085.0,68635.0,85535.0
terrain,La Manouba,9,0.7987,-20.1,2029,805.8,704.1,907.4,80576.0,70410.0,90742.0
terrain,La Manouba,9,0.7987,-20.1,2030,840.7,720.9,960.5,84067.0,72086.0,96048.0
terrain,La Manouba,9,0.7987,-20.1,2031,875.6,736.7,1014.5,87558.0,73669.0,101448.0
terrain,La Manouba,9,0.7987,-20.1,2032,910.5,751.6,1069.4,91049.0,75161.0,106938.0
terrain,Soliman,13,0.7803,-22.0,2026,684.8,632.7,737.0,68485.0,63274.0,73696.0
terrain,Soliman,13,0.7803,-22.0,2027,719.0,652.2,785.8,71902.0,65222.0,78583.0
terrain,Soliman,13,0.7803,-22.0,2028,753.1,670.6,835.7,75312.0,67056.0,83568.0
terrain,Soliman,13,0.7803,-22.0,2029,787.2,687.9,886.6,78723.0,68791.0,88655.0
terrain,Soliman,13,0.7803,-22.0,2030,821.3,704.3,938.4,82134.0,70428.0,93839.0
terrain,Soliman,13,0.7803,-22.0,2031,855.4,719.7,991.1,85545.0,71974.0,99115.0
terrain,Soliman,13,0.7803,-22.0,2032,889.6,734.3,1044.8,88955.0,73432.0,104478.0
terrain,El Mourouj,5,0.766,-23.4,2026,672.3,621.1,723.4,67227.0,62112.0,72343.0
terrain,El Mourouj,5,0.766,-23.4,2027,705.8,640.2,771.4,70582.0,64025.0,77140.0
terrain,El Mourouj,5,0.766,-23.4,2028,739.3,658.3,820.3,73929.0,65825.0,82034.0
terrain,El Mourouj,5,0.766,-23.4,2029,772.8,675.3,870.3,77278.0,67528.0,87028.0
terrain,El Mourouj,5,0.766,-23.4,2030,806.3,691.4,921.2,80626.0,69135.0,92116.0
terrain,El Mourouj,5,0.766,-23.4,2031,839.7,706.5,972.9,83974.0,70653.0,97295.0
terrain,El Mourouj,5,0.766,-23.4,2032,873.2,720.8,1025.6,87322.0,72084.0,102560.0
terrain,El Haouaria,6,0.76,-24.0,2026,667.0,616.2,717.8,66700.0,61624.0,71775.0
terrain,El Haouaria,6,0.76,-24.0,2027,700.3,635.2,765.3,70028.0,63522.0,76535.0
terrain,El Haouaria,6,0.76,-24.0,2028,733.5,653.1,813.9,73349.0,65309.0,81390.0
terrain,El Haouaria,6,0.76,-24.0,2029,766.7,670.0,863.4,76671.0,66998.0,86345.0
terrain,El Haouaria,6,0.76,-24.0,2030,799.9,685.9,913.9,79993.0,68593.0,91393.0
terrain,El Haouaria,6,0.76,-24.0,2031,833.1,701.0,965.3,83315.0,70098.0,96531.0
terrain,El Haouaria,6,0.76,-24.0,2032,866.4,715.2,1017.6,86637.0,71518.0,101755.0
terrain,Mornaguia,5,0.6421,-35.8,2026,563.6,520.7,606.5,56358.0,52069.0,60646.0
terrain,Mornaguia,5,0.6421,-35.8,2027,591.7,536.7,646.7,59170.0,53673.0,64668.0
terrain,Mornaguia,5,0.6421,-35.8,2028,619.8,551.8,687.7,61976.0,55182.0,68770.0
terrain,Mornaguia,5,0.6421,-35.8,2029,647.8,566.1,729.6,64783.0,56610.0,72957.0
terrain,Mornaguia,5,0.6421,-35.8,2030,675.9,579.6,772.2,67590.0,57957.0,77222.0
terrain,Mornaguia,5,0.6421,-35.8,2031,704.0,592.3,815.6,70397.0,59229.0,81564.0
terrain,Mornaguia,5,0.6421,-35.8,2032,732.0,604.3,859.8,73203.0,60429.0,85978.0
terrain,Raoued,18,0.5598,-44.0,2026,491.3,453.9,528.7,49132.0,45394.0,52871.0
terrain,Raoued,18,0.5598,-44.0,2027,515.8,467.9,563.8,51584.0,46792.0,56377.0
terrain,Raoued,18,0.5598,-44.0,2028,540.3,481.1,599.5,54030.0,48107.0,59953.0
terrain,Raoued,18,0.5598,-44.0,2029,564.8,493.5,636.0,56477.0,49352.0,63603.0
terrain,Raoued,18,0.5598,-44.0,2030,589.2,505.3,673.2,58924.0,50527.0,67322.0
terrain,Raoued,18,0.5598,-44.0,2031,613.7,516.4,711.1,61371.0,51636.0,71107.0
terrain,Raoued,18,0.5598,-44.0,2032,638.2,526.8,749.5,63818.0,52682.0,74955.0
terrain,Dar Allouche,5,0.2774,-72.3,2026,243.4,224.9,262.0,24344.0,22491.0,26196.0
terrain,Dar Allouche,5,0.2774,-72.3,2027,255.6,231.8,279.3,25558.0,23184.0,27933.0
terrain,Dar Allouche,5,0.2774,-72.3,2028,267.7,238.4,297.1,26770.0,23836.0,29705.0
terrain,Dar Allouche,5,0.2774,-72.3,2029,279.8,244.5,315.1,27983.0,24452.0,31513.0
terrain,Dar Allouche,5,0.2774,-72.3,2030,292.0,250.3,333.6,29195.0,25035.0,33356.0
terrain,Dar Allouche,5,0.2774,-72.3,2031,304.1,255.8,352.3,30408.0,25584.0,35231.0
terrain,Dar Allouche,5,0.2774,-72.3,2032,316.2,261.0,371.4,31620.0,26102.0,37138.0
terrain,Kalaa Essghira,9,0.0683,-93.2,2026,60.0,55.4,64.5,5996.0,5540.0,6452.0
terrain,Kalaa Essghira,9,0.0683,-93.2,2027,63.0,57.1,68.8,6295.0,5710.0,6880.0
terrain,Kalaa Essghira,9,0.0683,-93.2,2028,65.9,58.7,73.2,6594.0,5871.0,7317.0
terrain,Kalaa Essghira,9,0.0683,-93.2,2029,68.9,60.2,77.6,6892.0,6023.0,7762.0
terrain,Kalaa Essghira,9,0.0683,-93.2,2030,71.9,61.7,82.2,7191.0,6166.0,8216.0
terrain,Kalaa Essghira,9,0.0683,-93.2,2031,74.9,63.0,86.8,7490.0,6301.0,8678.0
terrain,Kalaa Essghira,9,0.0683,-93.2,2032,77.9,64.3,91.5,7788.0,6429.0,9147.0
