id,listing_id,source_name,price,surface,rooms,city,region,zone,transaction_type,property_type,scraped_at,change_type,price_delta,price_delta_pct,reliability_score
1,affare_212272,affare,1.0,,1,,,,Rent,Apartment,2026-03-23T06:23:11.138487,new,,,10
2,affare_140145,affare,140145.0,,,Tunis,TUNIS,north,Sale,Other,2026-03-23T16:27:49.648324,new,,,65
3,affare_202996,affare,360.0,360.0,5,,,,Rent,Commercial,2026-03-23T06:39:37.239111,new,,,60
4,affare_213056,affare,471.0,471.0,2,,,,Rent,Commercial,2026-03-23T06:57:58.774371,new,,,60
5,affare_186134,affare,2.0,,2,Soukra Parc,,,Sale,Apartment,2026-03-23T06:34:26.428517,new,,,50
6,affare_209759,affare,2.0,60.0,3,,,,Sale,Apartment,2026-03-23T16:26:28.093596,new,,,50
7,affare_140219,affare,2.0,,2,Tunis La Soukra 85 D/J,TUNIS,north,Sale,Apartment,2026-03-21T10:27:52.236268,new,,,60
8,affare_1700,affare,1700.0,1700.0,5,,,,Rent,Commercial,2026-03-22T16:43:27.498206,new,,,60
9,affare_154525,affare,2.0,80.0,3,,,,Sale,Villa,2026-03-23T16:26:07.746313,new,,,50
10,affare_195701,affare,1.0,430.0,4,Elmenza1,,,Sale,Villa,2026-03-21T10:28:07.259853,new,,,50
11,affare_238972,affare,2.0,98.0,2,La Marsa,TUNIS,north,Sale,Apartment,2026-03-23T16:25:28.889199,new,,,75
12,affare_245138,affare,3.0,2150.0,5,,,,Rent,Commercial,2026-03-23T06:36:45.448290,new,,,50
13,affare_246045,affare,246045.0,500.0,,Gammarth Supérieur,,,Sale,Land,2026-03-23T16:25:37.427166,new,,,70
14,affare_2300,affare,2300.0,2300.0,,,,,Rent,Commercial,2026-03-23T06:56:11.213359,new,,,25
15,affare_231619,affare,2.0,80.0,3,,,,Sale,Apartment,2026-03-23T16:26:39.366000,new,,,50
16,affare_235016,affare,1.0,,1,,,,Rent,Apartment,2026-03-23T06:44:15.479958,new,,,10
17,affare_231944,affare,231944.0,700.0,10,Mnihla,,,Sale,Land,2026-03-23T06:52:52.562756,new,,,85
18,affare_219916,affare,5.0,200.0,,,,,Rent,Commercial,2026-03-22T16:44:19.260283,new,,,15
19,affare_233390,affare,4082.0,408.0,,,,,Sale,Land,2026-03-23T16:26:16.282286,new,,,10
20,affare_246401,affare,246401.0,250.0,,Douikhla Prix Imbattable,,,Sale,Land,2026-03-23T16:27:13.497734,new,,,55
21,affare_250596,affare,3.0,147.0,3,Vendre,,,Sale,Apartment,2026-03-23T06:50:09.564491,new,,,65
22,affare_246809,affare,2.0,,4,,,,Rent,Apartment,2026-03-23T06:21:55.218075,new,,,10
23,affare_248330,affare,8.0,,,Ezzahra,,,Sale,Land,2026-03-23T06:38:13.821599,new,,,10
24,affare_251654,affare,251654.0,249.0,,,,,Sale,Land,2026-03-23T16:27:16.818325,new,,,30
25,affare_246565,affare,1.0,160.0,4,El Menzah1,,,Rent,Land,2026-03-21T10:28:12.080656,new,,,60
26,affare_246872,affare,4.0,,4,L'Année,,,Rent,Apartment,2026-03-21T10:28:03.904059,new,,,35
27,affare_249366,affare,760.0,760.0,1,Alain Savary,,,Rent,Commercial,2026-03-23T06:55:04.548376,new,,,75
28,affare_247443,affare,2.0,,4,,,,Rent,Apartment,2026-03-21T15:59:16.774967,new,,,10
29,affare_247865,affare,247865.0,180.0,4,,,,Sale,Villa,2026-03-23T16:26:31.493999,new,,,50
30,affare_253129,affare,5.0,159.0,5,,,,Rent,Commercial,2026-03-23T06:35:27.927923,new,,,50
31,affare_254877,affare,3.0,139.0,3,,,,Sale,Apartment,2026-03-23T06:51:49.029621,new,,,45
32,affare_255116,affare,2.0,120.0,,Louer,,,Rent,Commercial,2026-03-23T06:48:04.071578,new,,,45
33,affare_253130,affare,8702.0,870.0,,,,,Sale,Land,2026-03-23T16:26:48.408720,new,,,10
34,affare_254300,affare,2.0,140.0,2,,,,Sale,Villa,2026-03-23T16:25:42.349775,new,,,50
35,affare_253699,affare,710.0,710.0,5,,,,Rent,Commercial,2026-03-23T06:33:12.702563,new,,,60
36,affare_254550,affare,4.0,269.0,3,Vendre,,,Sale,Villa,2026-03-23T06:30:15.472213,new,,,55
37,affare_256400,affare,3.0,,3,,,,Rent,Apartment,2026-03-21T15:59:04.790326,new,,,10
38,affare_255524,affare,3.0,,3,,,,Rent,Villa,2026-03-23T06:51:14.589782,new,,,10
39,affare_254124,affare,286.0,286.0,6,,,,Rent,Commercial,2026-03-22T16:45:11.893163,new,,,60
40,affare_253274,affare,253274.0,580.0,7,Vendre,,,Sale,Land,2026-03-23T06:28:14.050682,new,,,75
41,affare_257376,affare,257376.0,250.0,2,Hammamet,NABEUL,north,Sale,Villa,2026-03-23T16:27:04.817370,new,,,95
42,affare_257742,affare,3.0,,3,,,,Rent,Villa,2026-03-23T16:25:48.701480,new,,,10
43,affare_257357,affare,1.0,,1,,,,Rent,Apartment,2026-03-21T10:27:55.586492,new,,,10
44,affare_256794,affare,3.0,,3,,,,Rent,Apartment,2026-03-23T06:53:49.739418,new,,,10
45,affare_256860,affare,256860.0,500.0,4,,,,Sale,Land,2026-03-21T15:59:27.196689,new,,,65
46,affare_256855,affare,2.0,100.0,2,,,,Sale,Apartment,2026-03-21T15:59:39.110462,new,,,45
47,affare_256867,affare,256867.0,500.0,4,,,,Sale,Land,2026-03-21T15:59:45.463268,new,,,65
48,affare_257400,affare,257400.0,,,Saisir- Villa S+,,,Sale,Land,2026-03-23T06:47:08.832767,new,,,20
49,affare_257683,affare,2.0,,1,,,,Rent,Apartment,2026-03-23T06:45:43.951671,new,,,10
50,affare_257667,affare,2.0,3354.0,5,,,,Rent,Commercial,2026-03-23T06:59:41.243968,new,,,50
51,affare_258711,affare,9.0,,1,Louer,,,Rent,Apartment,2026-03-23T06:27:03.197314,new,,,45
52,affare_257892,affare,2.0,70.0,1,Louer,,,Rent,Apartment,2026-03-23T06:25:35.523467,new,,,55
53,affare_257807,affare,257807.0,485.0,4,,,,Sale,Land,2026-03-21T15:59:32.700903,new,,,65
54,affare_258848,affare,258848.0,140.0,3,Hammamet,NABEUL,north,Rent,Commercial,2026-03-23T16:27:29.924760,new,,,70
55,affare_257808,affare,257808.0,300.0,4,,,,Sale,Land,2026-03-21T15:59:50.678205,new,,,65
56,affare_257963,affare,2.0,125.0,3,L'Année,,,Rent,Apartment,2026-03-23T06:24:29.570109,new,,,50
57,affare_257940,affare,2.0,70.0,1,Louer,,,Rent,Apartment,2026-03-23T06:49:26.204096,new,,,60
58,affare_257898,affare,2.0,,1,L'Année,,,Rent,Apartment,2026-03-21T10:28:00.050141,new,,,35
59,affare_258863,affare,258863.0,90.0,1,,,,Sale,Apartment,2026-03-23T16:27:39.212877,new,,,45
60,affare_257799,affare,257799.0,81.0,3,,,,Sale,Apartment,2026-03-21T15:59:56.922400,new,,,45
61,affare_258984,affare,1.0,60.0,1,Louer,,,Rent,Apartment,2026-03-23T06:31:14.695550,new,,,55
62,affare_259013,affare,259013.0,6714.0,,Grombalia+Terrain,,,Sale,Land,2026-03-23T06:32:07.540771,new,,,40
63,affare_259010,affare,259010.0,609.0,,Vendre A Hammamet Future Projet Villa Vue Panorami,,,Sale,Land,2026-03-23T06:43:06.588201,new,,,70
64,affare_259006,affare,259006.0,900.0,,Vendre,,,Sale,Land,2026-03-21T15:59:21.678466,new,,,65
65,affare_259005,affare,4.0,,4,,,,Rent,Apartment,2026-03-21T15:59:11.185436,new,,,10
66,affare_258876,affare,258876.0,80.0,2,,,,Sale,Apartment,2026-03-23T16:27:44.954287,new,,,50
67,affare_258987,affare,7.0,137.0,3,Vendre,,,Sale,Apartment,2026-03-23T06:29:22.495899,new,,,60
68,affare_259007,affare,259007.0,100.0,2,,,,Sale,Other,2026-03-23T06:42:17.715028,new,,,65
69,affare_259011,affare,1.0,100.0,3,,,,Sale,Other,2026-03-23T06:41:16.215455,new,,,45
70,affare_259016,affare,1.0,,1,Gammarth Mal1740,,,Rent,Apartment,2026-03-23T16:26:52.570622,new,,,35
71,affare_259019,affare,259019.0,170.0,3,Hammem Sousse,SOUSSE,east,Sale,Villa,2026-03-23T16:25:57.810019,new,,,90
72,affare_259027,affare,259027.0,,,Chott Mariem,,,Sale,Land,2026-03-23T16:24:40.589213,new,,,30
73,affare_259023,affare,3.0,399.0,,,,,Sale,Land,2026-03-23T16:25:18.261005,new,,,10
74,affare_259021,affare,2.0,85.0,2,Bouhsina El Ghazali,,,Sale,Apartment,2026-03-23T16:25:07.022159,new,,,45
75,affare_259026,affare,2.0,90.0,2,Soviva Chott Mariem,,,Sale,Apartment,2026-03-23T16:24:50.476907,new,,,50
76,affare_259022,affare,2.0,100.0,2,Sahloul 3,,,Sale,Apartment,2026-03-23T16:25:09.421258,new,,,60
77,affare_259018,affare,3.0,153.0,3,Sahloul 4 Avec Place De Parking,,,Rent,Apartment,2026-03-23T16:26:05.152702,new,,,50
78,affare_259025,affare,3.0,14.0,3,La Marsa Zvl1567,TUNIS,north,Rent,Villa,2026-03-23T16:24:53.758643,new,,,70
79,affare_259024,affare,3717.0,400.0,2,,,,Rent,Villa,2026-03-23T16:24:59.029230,new,,,55
80,affare_259017,affare,3.0,,3,,,,Rent,Apartment,2026-03-23T16:26:56.088549,new,,,10
81,affare_259028,affare,,,2,,,,Rent,Apartment,2026-03-23T16:24:36.268768,new,,,10
82,affare_259029,affare,259029.0,178.0,,,,,Sale,Commercial,2026-03-23T16:24:20.057331,new,,,35
83,1d600c9d-d45f-45fb-b136-e7a5da3e2f30,aqari,,,,Tunis,TUNIS,north,Sale,Other,2026-03-21T18:41:33.226194,new,,,20
84,affare_55616,affare,2.0,,2,Soukra 95 D/J,,,Sale,Apartment,2026-03-21T16:00:16.027327,new,,,35
85,8a243321-0d88-4d67-9436-d59830669009,aqari,,,,Tunis,TUNIS,north,Sale,Other,2026-03-21T18:41:52.778118,new,,,20
86,1055766735782088739,century21,970000.0,180.0,3,La Soukra,ARIANA,north,Sale,Villa,2026-03-21T17:19:31.819668,new,,,95
87,affare_57372,affare,1450.0,,1,Soukra,,,Sale,Apartment,2026-03-21T16:00:03.331884,new,,,45
88,affare_57374,affare,1.0,70.0,1,Soukra,,,Sale,Apartment,2026-03-21T16:00:09.555576,new,,,60
89,93613420-d02a-4bfa-b8b8-174d9bc9d180,aqari,,,,Tunis,TUNIS,north,Sale,Other,2026-03-23T16:22:06.521091,new,,,20
90,1028677051167846238,century21,775000.0,155.0,3,Jardins De Carthage,TUNIS,north,Sale,Apartment,2026-03-23T13:52:15.872310,new,,,95
91,1198997968558903077,century21,750000.0,250.0,3,La Soukra,ARIANA,north,Sale,Land,2026-03-21T17:20:12.036963,new,,,95
92,1310777399986394749,century21,1300.0,90.0,2,Ennasr,ARIANA,north,Rent,Apartment,2026-03-21T17:38:20.878095,new,,,85
93,1110954572518866029,century21,280000.0,112.0,2,Mannouba,MANNOUBA,,Sale,Apartment,2026-03-23T13:56:15.101543,new,,,95
94,1102213077951293601,century21,680000.0,178.0,3,Nabeul,NABEUL,north,Sale,Apartment,2026-03-23T13:57:25.082606,new,,,95
95,1332401260485345103,century21,171000.0,57.0,1,Bab Bhar,TUNIS,north,Sale,Commercial,2026-03-23T13:18:55.304573,new,,,95
96,123445143243072667,century21,,550.0,1,Les Berges Du Lac,TUNIS,north,Rent,Commercial,2026-03-21T17:31:13.870089,new,,,75
97,1321935452898133327,century21,,650.0,6,El Menzah,ARIANA,north,Sale,Land,2026-03-23T13:53:08.542450,new,,,80
98,1268700090006608475,century21,1250000.0,605.0,4,El Menzah,ARIANA,north,Sale,Land,2026-03-21T17:13:26.093013,new,,,95
99,1209978761573581032,century21,5000.0,170.0,,Aouina,TUNIS,north,Rent,Commercial,2026-03-21T17:23:26.522566,new,,,70
100,1080794204282758357,century21,1600.0,70.0,1,Jardins De Carthage,TUNIS,north,Rent,Apartment,2026-03-21T17:23:31.606222,new,,,85
101,1341974212870062024,century21,3000000.0,2500.0,5,La Soukra,ARIANA,north,Sale,Land,2026-03-23T13:53:50.467200,new,,,95
102,158192231730646619,century21,,561.0,4,La Soukra,ARIANA,north,Sale,Land,2026-03-23T13:55:28.357319,new,,,80
103,1608420334487307130,century21,900000.0,1100.0,,Beni Khalled,NABEUL,north,Sale,Land,2026-03-23T13:18:34.236219,new,,,85
104,1603797940406366386,century21,1200000.0,374.0,8,El Menzah,ARIANA,north,Sale,Land,2026-03-23T13:56:23.851561,new,,,95
105,1572336652783013202,century21,2200.0,100.0,,Les Berges Du Lac,TUNIS,north,Rent,Commercial,2026-03-21T17:22:16.800926,new,,,70
106,1601756071002329417,century21,6000.0,157.0,,La Soukra,ARIANA,north,Sale,Commercial,2026-03-23T13:51:13.399823,new,,,60
107,1520556550893458720,century21,530000.0,274.0,2,Jardins D'El Menzah,ARIANA,north,Sale,Villa,2026-03-23T13:18:25.331537,new,,,95
108,1344748764670148675,century21,3800.0,320.0,1,Bab Bhar,TUNIS,north,Rent,Commercial,2026-03-21T17:38:15.173717,new,,,85
109,145934116987760511,century21,1300.0,63.0,1,Aouina,TUNIS,north,Rent,Apartment,2026-03-21T17:40:22.947248,new,,,85
110,1520826136632359145,century21,3500.0,160.0,,Les Berges Du Lac,TUNIS,north,Rent,Commercial,2026-03-21T17:31:49.829518,new,,,75
111,1616389069178830090,century21,3500.0,186.0,3,La Marsa,TUNIS,north,Rent,Apartment,2026-03-21T17:40:02.557116,new,,,85
112,1734326827783941344,century21,310000.0,207.0,,Nabeul,NABEUL,north,Sale,Land,2026-03-23T13:19:44.834213,new,,,80
113,1666301582439951998,century21,375000.0,750.0,,Hammamet,NABEUL,north,Sale,Land,2026-03-23T13:15:07.088246,new,,,80
114,1758291277634059127,century21,1350.0,70.0,1,La Soukra,ARIANA,north,Rent,Apartment,2026-03-21T17:41:01.018390,new,,,85
115,1726145480670102105,century21,55.0,5000.0,,Kalaa Essghira,SOUSSE,east,Sale,Land,2026-03-21T17:18:46.904857,new,,,60
116,1697272289746839565,century21,3000.0,126.0,,Bab Bhar,TUNIS,north,Rent,Commercial,2026-03-21T17:35:41.493353,new,,,75
117,1742250941197571823,century21,4500.0,200.0,3,Les Berges Du Lac,TUNIS,north,Rent,Apartment,2026-03-21T17:39:42.245325,new,,,85
118,1764517086763953236,century21,420000.0,180.0,2,Hammamet,NABEUL,north,Sale,Apartment,2026-03-21T17:14:14.835776,new,,,95
119,1819543265809822707,century21,80000.0,35.0,,El Menzah,TUNIS,north,Sale,Commercial,2026-03-23T13:17:14.723609,new,,,80
120,1731403949336072303,century21,120000.0,100.0,1,Les Berges Du Lac,TUNIS,north,Sale,Commercial,2026-03-23T13:17:03.181311,new,,,90
121,1850724432398266044,century21,2800.0,586.0,,Jardins De Carthage,TUNIS,north,Sale,Land,2026-03-21T17:21:23.415001,new,,,65
122,2175404650947978710,century21,760000.0,190.0,3,Nabeul,NABEUL,north,Sale,Villa,2026-03-23T13:17:45.010080,new,,,95
123,1849545737383935650,century21,325000.0,50.0,1,La Marsa,TUNIS,north,Sale,Apartment,2026-03-21T17:21:14.335619,new,,,95
124,2120825874684236020,century21,1800000.0,223.0,3,Jardins De Carthage,TUNIS,north,Sale,Apartment,2026-03-23T13:48:19.336643,new,,,75
125,2168422764893344692,century21,,1717.0,4,Hammamet,NABEUL,north,Sale,Land,2026-03-23T13:17:20.539296,new,,,80
126,1922779492128764006,century21,750000.0,150.0,3,Ain Zaghouan,TUNIS,north,Sale,Apartment,2026-03-21T17:21:01.627451,new,,,95
127,197955013491089018,century21,330000.0,80.0,2,Raoued,ARIANA,north,Sale,Apartment,2026-03-21T17:14:54.103891,new,,,95
128,1833086475990635706,century21,1550000.0,550.0,6,El Menzah,ARIANA,north,Sale,Villa,2026-03-21T17:16:32.474906,new,,,95
129,1870772186651241574,century21,280000.0,85.0,2,Gammarth,TUNIS,north,Sale,Villa,2026-03-23T13:50:50.980205,new,,,95
130,2148833387340516868,century21,5800.0,105.0,,Jardins De Carthage,TUNIS,north,Rent,Commercial,2026-03-21T17:37:16.478934,new,,,65
131,2312204603651881686,century21,500000.0,192.0,2,Nabeul,NABEUL,north,Sale,Villa,2026-03-23T13:19:59.461965,new,,,95
132,2368380534603382338,century21,,133.0,,Nabeul,NABEUL,north,Sale,Commercial,2026-03-23T13:55:41.739909,new,,,65
133,2339379367056837729,century21,2500.0,160.0,3,La Marsa,TUNIS,north,Rent,Apartment,2026-03-21T17:30:59.865343,new,,,85
134,2189324146166023766,century21,,40.0,,La Marsa,TUNIS,north,Rent,Commercial,2026-03-21T17:32:19.358437,new,,,60
135,2334892793775996435,century21,1150000.0,420.0,3,La Marsa,TUNIS,north,Sale,Villa,2026-03-23T13:59:48.786886,new,,,95
136,2223549031248748543,century21,235000.0,100.0,2,Aouina,TUNIS,north,Sale,Apartment,2026-03-21T17:15:33.297747,new,,,90
137,2387713610621866288,century21,185000.0,134.0,2,Nabeul,NABEUL,north,Sale,Villa,2026-03-21T17:19:04.163233,new,,,90
138,2322211303017357023,century21,515000.0,151.0,4,Cite El Khadra,TUNIS,north,Sale,Apartment,2026-03-23T13:49:04.541543,new,,,95
139,2219795214283990916,century21,1550000.0,574.0,6,El Menzah,TUNIS,north,Sale,Land,2026-03-23T13:50:44.217809,new,,,90
140,2374839184806024929,century21,1500.0,44.0,1,Les Berges Du Lac,TUNIS,north,Rent,Apartment,2026-03-21T17:26:42.639911,new,,,85
141,2480351329800400469,century21,1200.0,80.0,3,La Soukra,ARIANA,north,Rent,Commercial,2026-03-21T17:22:13.363052,new,,,85
142,2392336616665738274,century21,,59.0,1,Ain Zaghouan,TUNIS,north,Sale,Apartment,2026-03-21T17:14:40.414271,new,,,80
143,2400554719493236648,century21,2500.0,141.0,3,Les Berges Du Lac,TUNIS,north,Rent,Apartment,2026-03-21T17:37:38.323244,new,,,85
144,2411537682861291111,century21,2500.0,144.0,4,Les Berges Du Lac,TUNIS,north,Rent,Commercial,2026-03-21T17:24:39.439347,new,,,85
145,2469176548739269609,century21,1100000.0,430.0,4,La Soukra,ARIANA,north,Sale,Villa,2026-03-23T13:58:42.304746,new,,,95
146,2574434162688289631,century21,900000.0,170.0,3,Jardins De Carthage,TUNIS,north,Sale,Apartment,2026-03-23T13:22:25.269543,new,,,95
147,2584761592379506004,century21,,500.0,6,Gammarth,TUNIS,north,Sale,Villa,2026-03-23T13:02:48.843491,new,,,80
148,2439838637738337111,century21,535000.0,144.0,3,Nabeul,NABEUL,north,Sale,Apartment,2026-03-23T13:21:45.260376,new,,,95
149,2460512598169392689,century21,1276000.0,880.0,,El Menzah,ARIANA,north,Sale,Land,2026-03-23T13:54:56.845421,new,,,80
150,2416741846959727,century21,1250.0,110.0,2,Cite El Khadra,TUNIS,north,Rent,Apartment,2026-03-21T17:30:25.324345,new,,,85
151,2646839894684653431,century21,5500.0,662.0,3,La Marsa,TUNIS,north,Rent,Commercial,2026-03-21T17:32:56.209925,new,,,85
152,2753872927938449492,century21,950.0,80.0,3,La Soukra,ARIANA,north,Rent,Commercial,2026-03-21T17:22:29.115452,new,,,85
153,2911852561755644638,century21,610000.0,153.0,4,Jardins De Carthage,TUNIS,north,Sale,Apartment,2026-03-23T13:14:04.335700,new,,,95
154,2710637824595707149,century21,750000.0,397.0,4,El Menzah,TUNIS,north,Sale,Villa,2026-03-23T13:50:19.511080,new,,,95
155,2705772984697052846,century21,250000.0,70.0,1,Aouina,TUNIS,north,Sale,Apartment,2026-03-21T17:15:05.085241,new,,,90
156,291245141279514017,century21,1700.0,100.0,2,Jardins De Carthage,TUNIS,north,Rent,Commercial,2026-03-21T17:36:39.119683,new,,,85
157,2729510680312841265,century21,620000.0,140.0,2,Ain Zaghouan,TUNIS,north,Sale,Apartment,2026-03-23T13:51:26.483122,new,,,95
158,2856723772661242449,century21,1400.0,123.0,2,La Soukra,ARIANA,north,Rent,Apartment,2026-03-21T17:29:38.615373,new,,,85
159,2633473435257674464,century21,3800.0,200.0,2,Gammarth,TUNIS,north,Rent,Villa,2026-03-21T17:29:56.844285,new,,,85
160,2666055770455769513,century21,680000.0,197.0,3,Gammarth,TUNIS,north,Sale,Apartment,2026-03-23T13:23:19.885323,new,,,95
161,3134360088386688751,century21,2300.0,143.0,3,La Marsa,TUNIS,north,Rent,Apartment,2026-03-21T17:35:35.773505,new,,,85
162,3075763777188161297,century21,170000.0,51.0,1,Nabeul,NABEUL,north,Sale,Apartment,2026-03-23T13:59:25.888098,new,,,95
163,2983680297986454714,century21,2500.0,200.0,4,El Menzah,TUNIS,north,Rent,Apartment,2026-03-21T17:40:39.647219,new,,,85
164,295656262479233352,century21,250000.0,77.0,1,La Soukra,ARIANA,north,Sale,Apartment,2026-03-21T17:13:46.096682,new,,,90
165,3118842319837200363,century21,1100.0,55.0,1,La Soukra,ARIANA,north,Rent,Apartment,2026-03-21T17:28:06.401911,new,,,85
166,3115722522375722020,century21,620000.0,200.0,3,La Marsa,TUNIS,north,Sale,Apartment,2026-03-23T13:06:50.057259,new,,,95
167,2941065365950944016,century21,,54.0,1,Les Berges Du Lac,TUNIS,north,Sale,Apartment,2026-03-23T13:52:57.637036,new,,,75
168,3096948314077436089,century21,1800.0,100.0,1,Jardins De Carthage,TUNIS,north,Rent,Apartment,2026-03-21T17:33:54.554030,new,,,85
169,297431179366868089,century21,290000.0,80.0,2,Aouina,TUNIS,north,Sale,Commercial,2026-03-23T13:55:54.254492,new,,,90
170,2943156444222143908,century21,1800.0,120.0,2,La Soukra,ARIANA,north,Rent,Apartment,2026-03-21T17:22:55.256869,new,,,85
171,336983721103737950,century21,5500.0,500.0,4,Carthage,TUNIS,north,Rent,Villa,2026-03-21T17:40:09.882209,new,,,85
172,3303389017522954744,century21,1150000.0,600.0,9,El Menzah,ARIANA,north,Sale,Land,2026-03-23T13:59:55.678021,new,,,90
173,3156811645512450961,century21,410000.0,63.0,2,Les Berges Du Lac,TUNIS,north,Sale,Commercial,2026-03-21T17:18:59.646587,new,,,95
174,335909333289040845,century21,1300.0,100.0,2,La Soukra,ARIANA,north,Rent,Apartment,2026-03-21T17:26:02.470946,new,,,85
175,3387376964575820238,century21,1600.0,2000.0,,La Marsa,TUNIS,north,Sale,Land,2026-03-23T13:21:56.081036,new,,,60
176,3184439206973879885,century21,365000.0,110.0,3,Ariana Ville,ARIANA,north,Sale,Commercial,2026-03-23T13:14:35.805922,new,,,95
177,3146455361446449053,century21,,650.0,4,Mnihla,ARIANA,north,Sale,Villa,2026-03-23T13:49:27.447223,new,,,80
178,321741279977517089,century21,,915.0,3,Cité Mahrajène,TUNIS,north,Sale,Villa,2026-03-21T17:16:37.069160,new,,,80
179,3242803171478394586,century21,,,,Raoued,ARIANA,north,Sale,Land,2026-03-23T13:21:14.024882,new,,,25
180,339280250704913824,century21,6000.0,830.0,5,Gammarth,TUNIS,north,Rent,Land,2026-03-21T17:40:32.334940,new,,,85
181,3464811070983371060,century21,960000.0,355.0,5,Hammamet,NABEUL,north,Sale,Land,2026-03-23T13:20:10.006417,new,,,95
182,3560129370080543024,century21,75000.0,33.0,,Aouina,TUNIS,north,Sale,Other,2026-03-21T17:17:42.678929,new,,,80
183,3443921139605760332,century21,400000.0,97.0,2,Nabeul,NABEUL,north,Sale,Apartment,2026-03-21T17:14:09.047572,new,,,95
184,3423191947927853952,century21,,400.0,5,Gammarth,TUNIS,north,Sale,Villa,2026-03-21T17:21:08.535890,new,,,80
185,3653120356301621769,century21,,230.0,4,Carthage,TUNIS,north,Rent,Commercial,2026-03-21T17:26:59.039127,new,,,75
186,3724725201524216206,century21,1200.0,90.0,2,El Menzah,ARIANA,north,Rent,Apartment,2026-03-21T17:33:39.548525,new,,,80
187,3394101876051730631,century21,2500000.0,320.0,4,Gammarth,TUNIS,north,Sale,Villa,2026-03-23T13:51:49.074518,new,,,95
188,3422824330092853182,century21,650000.0,193.0,3,El Kram,TUNIS,north,Sale,Land,2026-03-23T13:14:55.169539,new,,,95
189,3483341787422142584,century21,1800.0,78.0,1,El Menzah,TUNIS,north,Rent,Commercial,2026-03-21T17:29:43.197365,new,,,85
190,3676825579748436911,century21,,1750.0,4,La Soukra,ARIANA,north,Sale,Commercial,2026-03-23T13:18:44.967609,new,,,80
191,3758503182333468230,century21,3800.0,147.0,,Cite El Khadra,TUNIS,north,Rent,Commercial,2026-03-21T17:25:25.509036,new,,,75
192,3815549247168666683,century21,1700.0,173.0,3,La Marsa,TUNIS,north,Rent,Apartment,2026-03-21T17:31:05.359221,new,,,85
193,3808908168761527964,century21,195000.0,130.0,3,Ariana Ville,ARIANA,north,Sale,Apartment,2026-03-23T13:47:09.156255,new,,,95
194,3917987710123499915,century21,1300000.0,400.0,6,La Soukra,ARIANA,north,Sale,Land,2026-03-23T13:50:35.733956,new,,,95
195,3859006905801102362,century21,,531.0,,Jardins D'El Menzah,ARIANA,north,Sale,Land,2026-03-21T17:15:16.790688,new,,,70
196,3975565838385945585,century21,275000.0,121.0,2,El Menzah,TUNIS,north,Sale,Apartment,2026-03-23T13:20:39.630610,new,,,95
197,3861630926613465993,century21,,1100.0,5,La Soukra,ARIANA,north,Rent,Land,2026-03-21T17:35:14.004448,new,,,75
198,3889567222691491709,century21,,263.0,6,El Omrane,TUNIS,north,Sale,Land,2026-03-21T17:18:40.279613,new,,,80
199,399418156421004008,century21,1400.0,80.0,,Bab Bhar,TUNIS,north,Rent,Commercial,2026-03-21T17:26:52.642285,new,,,75
200,4015457753709987231,century21,260000.0,99.0,3,El Menzah,TUNIS,north,Sale,Apartment,2026-03-23T13:54:18.657894,new,,,90
201,4064582333302656131,century21,1500.0,90.0,2,El Menzah,ARIANA,north,Rent,Apartment,2026-03-21T17:36:15.038285,new,,,85
202,4248793524076738364,century21,,,,,,,Rent,Other,2026-03-21T17:23:15.629282,new,,,0
203,4098939732515743736,century21,490000.0,117.0,2,Ain Zaghouan,TUNIS,north,Sale,Apartment,2026-03-23T13:48:34.342542,new,,,95
204,4229555098409178109,century21,1900000.0,1000.0,7,Sidi Thabet,ARIANA,north,Sale,Land,2026-03-23T13:59:02.851176,new,,,95
205,4397212441255523001,century21,7500.0,80.0,,Les Berges Du Lac,TUNIS,north,Rent,Commercial,2026-03-21T17:25:00.842559,new,,,60
206,4365555851455955583,century21,205000.0,54.0,,La Soukra,ARIANA,north,Sale,Apartment,2026-03-21T17:16:11.991749,new,,,85
207,4294591516521822542,century21,1400.0,100.0,2,La Marsa,TUNIS,north,Rent,Apartment,2026-03-21T17:33:35.318804,new,,,85
208,4472853167600246470,century21,,280.0,5,Bab Bhar,TUNIS,north,Sale,Apartment,2026-03-23T13:49:42.285797,new,,,80
209,4198924718257508409,century21,315000.0,700.0,,Ennasr,ARIANA,north,Sale,Land,2026-03-23T13:51:02.519484,new,,,80
210,4417622770421688654,century21,239000.0,78.0,1,La Soukra,ARIANA,north,Sale,Apartment,2026-03-23T13:52:46.159947,new,,,95
211,4607331477495076010,century21,446500.0,1786.0,,Menzel Temime,NABEUL,north,Sale,Land,2026-03-23T13:47:31.156644,new,,,80
212,4529645938985063612,century21,850000.0,189.0,4,Les Berges Du Lac,TUNIS,north,Sale,Commercial,2026-03-21T17:15:29.393855,new,,,95
213,4799165528030918950,century21,3500.0,200.0,3,Gammarth,TUNIS,north,Rent,Apartment,2026-03-21T17:22:46.878229,new,,,85
214,4599955923287054083,century21,89000.0,78.0,,La Soukra,ARIANA,north,Sale,Other,2026-03-23T13:18:00.323458,new,,,80
215,4750401016762869808,century21,1850.0,135.0,3,Ain Zaghouan,TUNIS,north,Rent,Apartment,2026-03-21T17:27:10.018623,new,,,80
216,4488614237055012753,century21,395000.0,155.0,3,Ennasr,ARIANA,north,Sale,Apartment,2026-03-23T13:02:31.147784,new,,,90
217,4514710705368694953,century21,,100.0,2,Jardins De Carthage,TUNIS,north,Sale,Other,2026-03-21T17:14:19.864130,new,,,80
218,4540394143282243266,century21,1100.0,65.0,,Cité Mahrajène,TUNIS,north,Rent,Commercial,2026-03-21T17:28:41.718632,new,,,70
219,4647782207548391644,century21,2500.0,140.0,2,Jardins De Carthage,TUNIS,north,Rent,Apartment,2026-03-21T17:38:54.600669,new,,,85
220,454983520545548787,century21,335000.0,103.0,2,Nabeul,NABEUL,north,Sale,Apartment,2026-03-23T13:59:12.407929,new,,,95
221,5042416072431489796,century21,2500.0,161.0,,Jardins De Carthage,TUNIS,north,Rent,Apartment,2026-03-21T17:36:53.799607,new,,,75
222,4872291391347189535,century21,230000.0,134.0,3,Cite El Khadra,TUNIS,north,Sale,Apartment,2026-03-23T13:01:26.667019,new,,,95
223,4813936440137334068,century21,1800.0,120.0,2,Cite El Khadra,TUNIS,north,Rent,Commercial,2026-03-21T17:35:46.561265,new,,,85
224,4902223121135581835,century21,1600.0,85.0,2,La Marsa,TUNIS,north,Rent,Apartment,2026-03-21T17:25:42.763922,new,,,85
225,496517951438269848,century21,60000.0,50.0,,El Menzah,ARIANA,north,Sale,Other,2026-03-21T17:15:50.728936,new,,,80
226,497805580524762908,century21,350000.0,104.0,2,Nabeul,NABEUL,north,Sale,Apartment,2026-03-23T13:51:57.205892,new,,,95
227,4904234523521962336,century21,1600.0,165.0,3,La Marsa,TUNIS,north,Rent,Villa,2026-03-21T17:33:10.836417,new,,,85
228,5031062525027683562,century21,5500.0,260.0,3,Les Berges Du Lac,TUNIS,north,Rent,Apartment,2026-03-21T17:22:34.674701,new,,,85
229,4942921356586675736,century21,480000.0,281.0,4,Mnihla,ARIANA,north,Sale,Apartment,2026-03-21T17:14:26.411617,new,,,95
230,486602198274470200,century21,450000.0,147.0,3,Nabeul,NABEUL,north,Sale,Apartment,2026-03-21T17:14:58.849016,new,,,95
231,5130442432529427476,century21,13000.0,113.0,,Jardins De Carthage,TUNIS,north,Sale,Commercial,2026-03-23T13:54:39.298560,new,,,85
232,506983899851008947,century21,1050.0,50.0,1,La Marsa,TUNIS,north,Rent,Apartment,2026-03-21T17:38:44.044583,new,,,85
233,5171489202340319283,century21,,,,,,,Sale,Other,2026-03-21T17:16:05.976816,new,,,0
234,5141079396524569127,century21,2700.0,170.0,3,Jardins De Carthage,TUNIS,north,Rent,Apartment,2026-03-21T17:25:33.411653,new,,,85
235,5065509221878786001,century21,380000.0,124.0,2,La Soukra,ARIANA,north,Sale,Apartment,2026-03-21T17:20:37.375736,new,,,95
236,516249513845842769,century21,1350.0,100.0,1,Ain Zaghouan,TUNIS,north,Rent,Apartment,2026-03-21T17:30:35.605668,new,,,85
237,5121255205566999569,century21,1500.0,419.0,,La Soukra,ARIANA,north,Sale,Land,2026-03-23T13:22:01.834907,new,,,60
238,5116011816483189748,century21,3500.0,110.0,,Bab Bhar,TUNIS,north,Rent,Commercial,2026-03-21T17:30:48.251339,new,,,75
239,5076093210486140905,century21,1100.0,55.0,1,Aouina,TUNIS,north,Rent,Apartment,2026-03-21T17:40:49.314537,new,,,85
240,5141331295567480486,century21,380000.0,180.0,3,Mnihla,ARIANA,north,Sale,Apartment,2026-03-21T17:15:45.863716,new,,,95
241,5324295345324544460,century21,920000.0,231.0,5,Gammarth,TUNIS,north,Sale,Land,2026-03-23T13:19:19.684558,new,,,95
242,5282322764260535464,century21,360000.0,117.0,3,Ain Zaghouan,TUNIS,north,Sale,Apartment,2026-03-23T13:16:09.295213,new,,,95
243,5504609949507087108,century21,610000.0,163.0,4,Jardins De Carthage,TUNIS,north,Sale,Apartment,2026-03-23T13:27:17.279174,new,,,95
244,5374784473987172745,century21,,134.0,2,Charguia,TUNIS,north,Sale,Apartment,2026-03-23T13:52:33.644960,new,,,80
245,5489222341427583418,century21,1350.0,148.0,4,El Menzah,TUNIS,north,Rent,Apartment,2026-03-21T17:30:01.228399,new,,,80
246,5208278515162451109,century21,5000.0,62.0,,La Marsa,TUNIS,north,Rent,Commercial,2026-03-21T17:32:00.538175,new,,,60
247,5406002496268200014,century21,310000.0,113.0,3,El Menzah,ARIANA,north,Sale,Apartment,2026-03-23T13:59:36.555901,new,,,95
248,5525942858305634384,century21,13000.0,120.0,,Jardins De Carthage,TUNIS,north,Sale,Commercial,2026-03-23T13:54:50.331230,new,,,85
249,5461613723371333603,century21,650000.0,160.0,3,Nabeul,NABEUL,north,Sale,Apartment,2026-03-21T17:21:50.602531,new,,,95
250,5504016288210219363,century21,5600.0,185.0,2,Cite El Khadra,TUNIS,north,Rent,Commercial,2026-03-21T17:35:00.853378,new,,,85
251,5645954608898273742,century21,1600000.0,320.0,4,Les Berges Du Lac,TUNIS,north,Sale,Apartment,2026-03-23T13:48:06.574623,new,,,75
252,5658710622231984267,century21,,507.0,6,Megrine,BEN AROUS,north,Sale,Land,2026-03-23T13:56:54.729223,new,,,80
253,5690846652301439127,century21,1500000.0,373.0,5,Jardins De Carthage,TUNIS,north,Sale,Apartment,2026-03-23T13:56:01.200037,new,,,95
254,5596083588517666664,century21,,200.0,4,Les Berges Du Lac,TUNIS,north,Rent,Apartment,2026-03-21T17:31:54.655442,new,,,75
255,5746476739904138998,century21,320000.0,110.0,3,La Soukra,ARIANA,north,Sale,Apartment,2026-03-21T17:21:29.273956,new,,,90
256,5624933024341823291,century21,4500.0,240.0,3,Les Berges Du Lac,TUNIS,north,Rent,Apartment,2026-03-21T17:26:47.668413,new,,,85
257,5655516315691242768,century21,2700.0,160.0,2,Jardins De Carthage,TUNIS,north,Rent,Apartment,2026-03-21T17:32:28.149719,new,,,85
258,591584571457637367,century21,6100.0,331.0,,Bab Bhar,TUNIS,north,Rent,Commercial,2026-03-21T17:36:08.688417,new,,,75
259,5684470776564030065,century21,720000.0,200.0,3,Hammamet,NABEUL,north,Sale,Villa,2026-03-21T17:17:55.908470,new,,,95
260,5911643354591856186,century21,2000000.0,575.0,5,El Menzah,TUNIS,north,Sale,Villa,2026-03-23T13:54:31.247091,new,,,95
261,5925595231194146597,century21,1500000.0,800.0,3,La Soukra,ARIANA,north,Sale,Villa,2026-03-23T14:00:07.024867,new,,,95
262,6029244217948529781,century21,265000.0,64.0,1,Nabeul,NABEUL,north,Sale,Apartment,2026-03-21T17:17:33.402363,new,,,95
263,5951012830417646378,century21,,1207.0,,El Menzah,ARIANA,north,Sale,Land,2026-03-23T13:21:04.126180,new,,,65
264,5949946448384894475,century21,1200.0,100.0,1,Cite El Khadra,TUNIS,north,Rent,Apartment,2026-03-21T17:25:49.708987,new,,,85
265,5951720595478423138,century21,1800.0,110.0,2,Ain Zaghouan,TUNIS,north,Rent,Apartment,2026-03-21T17:27:32.625088,new,,,85
266,5994785492845735968,century21,320000.0,100.0,2,Ennasr,ARIANA,north,Sale,Apartment,2026-03-21T17:17:20.257816,new,,,90
267,5994920029705567797,century21,385000.0,107.0,2,Nabeul,NABEUL,north,Sale,Apartment,2026-03-23T13:17:31.978253,new,,,95
268,5916154024352555247,century21,7000.0,285.0,4,La Marsa,TUNIS,north,Rent,Apartment,2026-03-21T17:36:42.549741,new,,,85
269,5938474042414935792,century21,1250.0,110.0,2,Cite El Khadra,TUNIS,north,Rent,Commercial,2026-03-21T17:30:29.381430,new,,,85
270,6000504259435425573,century21,2400000.0,1600.0,4,La Soukra,ARIANA,north,Sale,Villa,2026-03-23T13:58:05.098642,new,,,95
271,6133585024079565064,century21,370000.0,180.0,4,La Soukra,ARIANA,north,Sale,Land,2026-03-23T13:23:32.423543,new,,,95
272,6108286881005807940,century21,,320.0,2,Hammamet,NABEUL,north,Sale,Apartment,2026-03-21T17:18:14.797656,new,,,80
273,604327773430990189,century21,3500.0,150.0,2,Jardins De Carthage,TUNIS,north,Rent,Apartment,2026-03-21T17:23:38.533830,new,,,85
274,6076890078421627718,century21,450000.0,150.0,3,Les Berges Du Lac,TUNIS,north,Sale,Apartment,2026-03-21T17:19:16.675928,new,,,95
275,6240322129618373496,century21,,1048.0,4,Hammamet,NABEUL,north,Sale,Land,2026-03-21T17:21:45.235696,new,,,80
276,6231652140922670183,century21,3200.0,30.0,,Ain Zaghouan,TUNIS,north,Rent,Commercial,2026-03-21T17:22:41.917829,new,,,60
277,6174781930354409526,century21,1200.0,64.0,2,Ain Zaghouan,TUNIS,north,Rent,Villa,2026-03-21T17:33:43.026169,new,,,80
278,6070667431299629235,century21,2100000.0,300.0,4,Les Berges Du Lac,TUNIS,north,Sale,Apartment,2026-03-23T13:49:54.031548,new,,,75
279,6229069900000677780,century21,,812.0,5,Ennasr,ARIANA,north,Sale,Villa,2026-03-21T17:15:12.466543,new,,,80
280,6136566195905790644,century21,1400.0,85.0,,Bab Bhar,TUNIS,north,Rent,Commercial,2026-03-21T17:30:43.655854,new,,,75
281,6650275388240146255,century21,2500.0,200.0,4,Nabeul,NABEUL,north,Rent,Commercial,2026-03-21T17:23:52.766872,new,,,85
282,6691774603107335492,century21,100000.0,90.0,1,Les Berges Du Lac,TUNIS,north,Sale,Commercial,2026-03-21T17:17:27.367001,new,,,90
283,671874862811869086,century21,300000.0,114.0,2,Aouina,TUNIS,north,Sale,Apartment,2026-03-21T17:21:20.083486,new,,,95
284,6593648617894128066,century21,1300.0,100.0,2,La Marsa,TUNIS,north,Rent,Villa,2026-03-21T17:34:23.488627,new,,,80
285,6587451846005812418,century21,1010.0,103.0,,Sidi El Bechir,TUNIS,north,Rent,Commercial,2026-03-21T17:25:13.122882,new,,,75
286,6244319714159518513,century21,,140.0,2,Ain Zaghouan,TUNIS,north,Rent,Villa,2026-03-21T17:22:24.075384,new,,,70
287,64732830179283807,century21,650000.0,198.0,3,Ennasr,ARIANA,north,Sale,Apartment,2026-03-21T17:16:18.818640,new,,,95
288,6389202345590062811,century21,3000.0,180.0,5,La Marsa,TUNIS,north,Rent,Commercial,2026-03-21T17:37:48.826762,new,,,85
289,6624815732731194151,century21,5000.0,500.0,4,Les Berges Du Lac,TUNIS,north,Rent,Land,2026-03-21T17:40:45.393402,new,,,85
290,6504437569432188878,century21,840000.0,286.0,3,La Soukra,ARIANA,north,Sale,Apartment,2026-03-23T13:20:22.341468,new,,,95
291,6824580419825749020,century21,1600.0,127.0,2,Ain Zaghouan,TUNIS,north,Rent,Apartment,2026-03-21T17:33:59.288235,new,,,85
292,6771473479413358831,century21,507200.0,317.0,,Mnihla,ARIANA,north,Sale,Land,2026-03-23T13:15:40.369260,new,,,85
293,6800628318869447004,century21,6000.0,200.0,3,La Marsa,TUNIS,north,Rent,Apartment,2026-03-21T17:36:22.356134,new,,,85
294,6981795713934814124,century21,6500.0,285.0,4,Gammarth,TUNIS,north,Rent,Apartment,2026-03-21T17:39:32.051595,new,,,85
295,6915102541923429411,century21,420000.0,128.0,1,La Soukra,ARIANA,north,Sale,Apartment,2026-03-23T13:15:17.587709,new,,,95
296,6883595324938861893,century21,330000.0,100.0,2,Cite El Khadra,TUNIS,north,Sale,Apartment,2026-03-23T13:21:28.602015,new,,,95
297,7021601034522596945,century21,300000.0,128.0,2,Ain Zaghouan,TUNIS,north,Sale,Apartment,2026-03-23T13:50:07.539362,new,,,95
298,6872973176975259968,century21,1300000.0,529.0,3,El Menzah,ARIANA,north,Sale,Land,2026-03-23T13:48:57.893015,new,,,95
299,6725591449843147229,century21,2300.0,150.0,3,El Menzah,TUNIS,north,Rent,Apartment,2026-03-21T17:28:28.200885,new,,,85
300,6814372270658823680,century21,630000.0,150.0,2,Jardins De Carthage,TUNIS,north,Sale,Apartment,2026-03-21T17:13:13.923894,new,,,95
301,7068348316596814196,century21,10000.0,2500.0,5,La Soukra,ARIANA,north,Rent,Villa,2026-03-21T17:29:30.154545,new,,,80
302,7108189658751255373,century21,215000.0,62.0,1,Ennasr,ARIANA,north,Sale,Apartment,2026-03-23T13:20:53.481184,new,,,90
303,7233605552635298400,century21,1300000.0,185.0,3,Les Berges Du Lac,TUNIS,north,Sale,Apartment,2026-03-23T13:57:31.717234,new,,,95
304,7056998450613274703,century21,400000.0,137.0,3,Ariana Ville,ARIANA,north,Sale,Apartment,2026-03-21T17:20:30.510657,new,,,95
305,7136985434739254471,century21,2500.0,103.0,2,Cite El Khadra,TUNIS,north,Rent,Commercial,2026-03-21T17:37:21.759472,new,,,80
306,7067127919086817507,century21,,,3,Mejez El Bab,BEJA,,Sale,Villa,2026-03-23T13:19:38.927889,new,,,60
307,713441776212406309,century21,900.0,51.0,1,El Menzah,ARIANA,north,Rent,Apartment,2026-03-21T17:27:48.162478,new,,,80
308,7198254862184801356,century21,4500.0,200.0,6,Cite El Khadra,TUNIS,north,Rent,Commercial,2026-03-21T17:36:32.938280,new,,,85
309,7155900774141809290,century21,665600.0,832.0,,La Soukra,ARIANA,north,Sale,Land,2026-03-23T13:22:12.621396,new,,,80
310,720634598088105137,century21,,115.0,9,Bab Bhar,TUNIS,north,Sale,Other,2026-03-23T13:20:30.134442,new,,,80
311,7369425932618464079,century21,1800.0,250.0,,El Menzah,TUNIS,north,Rent,Commercial,2026-03-21T17:24:43.182043,new,,,75
312,7265604027589738160,century21,1400000.0,415.0,6,Ennasr,ARIANA,north,Sale,Villa,2026-03-21T17:14:01.663941,new,,,95
313,7352382264493564638,century21,2800.0,110.0,1,Les Berges Du Lac,TUNIS,north,Rent,Apartment,2026-03-21T17:22:59.333940,new,,,85
314,7409177463117683700,century21,1200.0,97.0,,Ariana Ville,ARIANA,north,Rent,Commercial,2026-03-21T17:34:33.364531,new,,,70
315,7378675969237217385,century21,1050.0,150.0,3,Nabeul,NABEUL,north,Rent,Villa,2026-03-21T17:26:09.456745,new,,,80
316,7350502485761409416,century21,,2345.0,,Gammarth,TUNIS,north,Sale,Land,2026-03-21T17:21:39.213339,new,,,65
317,743628757657576389,century21,600000.0,147.0,3,Gammarth,TUNIS,north,Sale,Apartment,2026-03-21T17:15:42.375038,new,,,95
318,734606697002102972,century21,1300000.0,400.0,4,El Menzah,TUNIS,north,Sale,Land,2026-03-21T17:20:01.236727,new,,,95
319,7246923850024196935,century21,2200.0,120.0,2,La Marsa,TUNIS,north,Rent,Apartment,2026-03-21T17:27:20.579860,new,,,85
320,7408220968576718873,century21,350000.0,104.0,3,El Menzah,TUNIS,north,Sale,Apartment,2026-03-23T13:58:21.252140,new,,,95
321,7606812594268195646,century21,3500.0,400.0,4,La Marsa,TUNIS,north,Rent,Villa,2026-03-21T17:30:53.539420,new,,,80
322,752624363379702036,century21,1500.0,81.0,3,Cite El Khadra,TUNIS,north,Rent,Commercial,2026-03-21T17:38:33.095395,new,,,85
323,7544604768439108586,century21,,85.0,1,Ain Zaghouan,TUNIS,north,Rent,Apartment,2026-03-21T17:35:28.937382,new,,,75
324,7441931641676725910,century21,3500.0,400.0,4,El Menzah,ARIANA,north,Rent,Commercial,2026-03-21T17:28:12.953399,new,,,85
325,7577141358812947868,century21,370000.0,166.0,3,Mnihla,ARIANA,north,Sale,Apartment,2026-03-23T13:16:19.344392,new,,,95
326,7556398845077006605,century21,257500.0,144.0,3,Mannouba,MANNOUBA,,Sale,Villa,2026-03-23T13:53:31.350283,new,,,95
327,7524150641555372702,century21,950000.0,293.0,5,La Soukra,ARIANA,north,Sale,Villa,2026-03-23T13:23:12.653324,new,,,95
328,7734677200764252774,century21,350000.0,80.0,1,Jardins De Carthage,TUNIS,north,Sale,Apartment,2026-03-21T17:18:07.585302,new,,,95
329,7655563472861383941,century21,1900.0,32.0,,El Menzah,ARIANA,north,Rent,Commercial,2026-03-21T17:23:21.669214,new,,,70
330,7489900180496712462,century21,247000.0,67.0,1,Nabeul,NABEUL,north,Sale,Apartment,2026-03-23T13:14:23.583302,new,,,90
331,797780425983227463,century21,430000.0,140.0,3,Ennasr,ARIANA,north,Sale,Apartment,2026-03-21T17:18:55.045818,new,,,95
332,7925296926311535831,century21,850000.0,520.0,2,Megrine,BEN AROUS,north,Sale,Villa,2026-03-23T13:21:38.550541,new,,,95
333,7749126551399599539,century21,265000.0,119.0,3,El Menzah,TUNIS,north,Sale,Commercial,2026-03-23T13:15:30.245024,new,,,95
334,8009281798610114162,century21,,77.0,2,Ennasr,ARIANA,north,Sale,Commercial,2026-03-23T13:56:45.465658,new,,,75
335,7763690751305701474,century21,2400.0,170.0,,El Kram,TUNIS,north,Rent,Commercial,2026-03-21T17:28:32.415830,new,,,75
336,7734742050471245621,century21,,240.0,3,Gammarth,TUNIS,north,Sale,Villa,2026-03-23T13:17:51.010576,new,,,80
337,7996409819249742459,century21,3600.0,320.0,3,Jardins De Carthage,TUNIS,north,Rent,Apartment,2026-03-21T17:28:50.038823,new,,,85
338,7842522952298322371,century21,530000.0,162.0,4,El Menzah,ARIANA,north,Sale,Apartment,2026-03-23T13:16:29.091153,new,,,95
339,8027283578940362471,century21,1800.0,130.0,3,Charguia,TUNIS,north,Rent,Commercial,2026-03-21T17:32:15.947341,new,,,85
340,7751005500960424189,century21,1300.0,167.0,3,La Soukra,ARIANA,north,Rent,Apartment,2026-03-21T17:41:05.583596,new,,,85
341,8202597064598632671,century21,1800.0,250.0,3,Nabeul,NABEUL,north,Rent,Apartment,2026-03-21T17:24:02.096808,new,,,85
342,8191652183707879750,century21,1100.0,65.0,,Ariana Ville,ARIANA,north,Rent,Commercial,2026-03-21T17:25:06.690548,new,,,75
343,8138315679111402713,century21,,1260.0,,La Soukra,ARIANA,north,Rent,Land,2026-03-21T17:30:20.111909,new,,,65
344,8082994940314180049,century21,7000.0,1000.0,4,Carthage,TUNIS,north,Rent,Land,2026-03-21T17:24:48.817206,new,,,85
345,8087071454527417097,century21,1600.0,100.0,1,La Marsa,TUNIS,north,Rent,Apartment,2026-03-21T17:28:22.400497,new,,,85
346,8093285208266187576,century21,,1200.0,8,El Menzah,ARIANA,north,Sale,Land,2026-03-23T13:22:38.242787,new,,,80
347,8212268032338298424,century21,4000.0,350.0,4,Cité Mahrajène,TUNIS,north,Rent,Villa,2026-03-21T17:29:05.123775,new,,,85
348,8227131369299634505,century21,2100.0,140.0,3,La Soukra,ARIANA,north,Rent,Apartment,2026-03-21T17:33:48.773598,new,,,85
349,8062499238728623774,century21,350000.0,128.0,3,Jardins D'El Menzah,ARIANA,north,Sale,Apartment,2026-03-23T13:16:43.749678,new,,,95
350,8234492284611276631,century21,,2150.0,,Les Berges Du Lac,TUNIS,north,Rent,Land,2026-03-21T17:25:37.395668,new,,,65
351,8473160713189368641,century21,1000.0,633.0,,La Soukra,ARIANA,north,Sale,Land,2026-03-21T17:19:37.594828,new,,,60
352,8340661077698270977,century21,,104.0,2,Ariana Ville,ARIANA,north,Sale,Apartment,2026-03-23T13:54:05.649570,new,,,80
353,8368218992076067277,century21,279000.0,130.0,2,Mnihla,ARIANA,north,Sale,Apartment,2026-03-21T17:18:03.381465,new,,,95
354,8498343823465329392,century21,435000.0,151.0,3,El Menzah,ARIANA,north,Sale,Apartment,2026-03-23T13:58:32.552593,new,,,90
355,8346045059867182258,century21,2050000.0,600.0,7,La Marsa,TUNIS,north,Sale,Land,2026-03-23T13:19:07.166415,new,,,95
356,8333252094687949615,century21,2100000.0,285.0,4,Gammarth,TUNIS,north,Sale,Villa,2026-03-21T17:20:48.700445,new,,,95
357,8477479737589861694,century21,225000.0,86.0,2,Nabeul,NABEUL,north,Sale,Villa,2026-03-23T13:49:15.813750,new,,,95
358,8392013765203108505,century21,,110.0,3,La Marsa,TUNIS,north,Rent,Villa,2026-03-21T17:37:44.629732,new,,,75
359,8501760900151261659,century21,2800.0,130.0,4,Les Berges Du Lac,TUNIS,north,Rent,Commercial,2026-03-21T17:38:26.395602,new,,,80
360,8490581745844265654,century21,3500.0,118.0,,Nabeul,NABEUL,north,Rent,Commercial,2026-03-21T17:29:10.677073,new,,,70
361,8570502188060347411,century21,2200.0,140.0,3,Cite El Khadra,TUNIS,north,Rent,Commercial,2026-03-21T17:31:20.881373,new,,,85
362,8702612190985492170,century21,220000.0,64.0,1,Aouina,TUNIS,north,Sale,Apartment,2026-03-23T13:02:55.833072,new,,,95
363,8661310732605899209,century21,1100.0,85.0,1,El Menzah,TUNIS,north,Rent,Apartment,2026-03-21T17:27:15.055502,new,,,85
364,8604337807233545362,century21,1200.0,103.0,2,Nabeul,NABEUL,north,Rent,Commercial,2026-03-21T17:34:46.463380,new,,,85
365,8604947888315872564,century21,21000.0,2150.0,,Les Berges Du Lac,TUNIS,north,Rent,Commercial,2026-03-21T17:27:03.674830,new,,,65
366,8620024310694136891,century21,480000.0,155.0,3,Gammarth,TUNIS,north,Sale,Apartment,2026-03-21T17:14:45.910942,new,,,90
367,8528372854819628599,century21,1000.0,90.0,2,El Menzah,ARIANA,north,Rent,Apartment,2026-03-21T17:39:25.326957,new,,,85
368,8582646102969211149,century21,155000.0,52.0,,Cite El Khadra,TUNIS,north,Sale,Commercial,2026-03-23T13:56:34.149511,new,,,80
369,8683202532766105078,century21,1300.0,85.0,3,Bab Bhar,TUNIS,north,Rent,Commercial,2026-03-21T17:37:32.407389,new,,,80
370,8512144716772613765,century21,,80.0,,Jardins De Carthage,TUNIS,north,Rent,Other,2026-03-21T17:34:28.867397,new,,,65
371,8750087105957717174,century21,1300000.0,243.0,3,Les Berges Du Lac,TUNIS,north,Sale,Apartment,2026-03-23T13:16:03.759161,new,,,95
372,8787406868672193406,century21,6000.0,1000.0,7,El Menzah,ARIANA,north,Rent,Villa,2026-03-21T17:38:03.341589,new,,,85
373,8881784546938536966,century21,3000.0,70.0,,La Soukra,ARIANA,north,Rent,Commercial,2026-03-21T17:32:10.190108,new,,,70
374,8824422043184179224,century21,36000.0,3200.0,,Bab Bhar,TUNIS,north,Rent,Apartment,2026-03-21T17:37:27.958733,new,,,65
375,8737162587866495264,century21,520000.0,120.0,2,Gammarth,TUNIS,north,Sale,Apartment,2026-03-23T13:23:02.126619,new,,,95
376,8859297519926261604,century21,1300.0,65.0,1,La Soukra,ARIANA,north,Rent,Apartment,2026-03-21T17:36:27.675320,new,,,80
377,8703539987970417648,century21,211000.0,67.0,1,Jardins D'El Menzah,ARIANA,north,Sale,Apartment,2026-03-21T17:20:53.904604,new,,,95
378,8977221115611258162,century21,8000.0,1200.0,9,La Soukra,ARIANA,north,Rent,Villa,2026-03-21T17:25:56.422347,new,,,85
379,8754396300572361488,century21,1500.0,110.0,3,Bab Bhar,TUNIS,north,Rent,Commercial,2026-03-21T17:23:44.028789,new,,,85
380,9012091518913729039,century21,1700.0,60.0,1,Ariana Ville,ARIANA,north,Rent,Commercial,2026-03-21T17:32:23.660432,new,,,85
381,9101273186661851963,century21,10000.0,200.0,,Cite El Khadra,TUNIS,north,Rent,Commercial,2026-03-21T17:33:14.899554,new,,,75
382,9035435486991806591,century21,1700000.0,1150.0,4,La Soukra,ARIANA,north,Sale,Land,2026-03-21T17:19:48.668350,new,,,95
383,9072141734974185881,century21,1400.0,181.0,1,La Soukra,ARIANA,north,Rent,Commercial,2026-03-21T17:34:55.304296,new,,,85
384,935291097771939883,century21,850000.0,180.0,3,La Marsa,TUNIS,north,Sale,Villa,2026-03-21T17:21:35.976046,new,,,95
385,998218251901543945,century21,370000.0,79.0,1,Jardins De Carthage,TUNIS,north,Sale,Apartment,2026-03-21T17:16:24.291781,new,,,95
386,darcom_130422,darcom,1968.0,,,Gammarthtunis,TUNIS,north,Sale,Land,2026-03-20T16:45:16.912531,new,,,50
387,9103874428837128238,century21,410000.0,100.0,2,Nabeul,NABEUL,north,Sale,Apartment,2026-03-21T17:13:53.530413,new,,,95
388,933511090232993234,century21,,50.0,,El Menzah,ARIANA,north,Rent,Commercial,2026-03-21T17:34:37.702064,new,,,65
389,9133115800003805612,century21,320000.0,101.0,2,Ain Zaghouan,TUNIS,north,Sale,Apartment,2026-03-23T13:19:28.591413,new,,,100
390,9179674543455606258,century21,35000.0,4000.0,,Les Berges Du Lac,TUNIS,north,Rent,Other,2026-03-21T17:39:47.431692,new,,,75
391,darcom_90062,darcom,1498.0,,,14 Km De Sbeitla Direction Sbiba,,,Rent,Other,2026-03-20T17:04:11.140731,new,,,35
392,darcom_66895,darcom,1263.0,,,Chotrana Ii La Soukraariana,ARIANA,north,Sale,Land,2026-03-20T16:45:02.745069,new,,,50
393,darcom_76700,darcom,1363.0,,,Sidi Salahariana,ARIANA,north,Sale,Land,2026-03-20T16:45:22.157476,new,,,50
394,newkey_130160,newkey,7000.0,,,Tunis,TUNIS,north,Sale,Villa,2026-03-20T18:22:49.275069,new,,,75
395,newkey_124702,newkey,980000.0,,,Ariana,ARIANA,north,Sale,Villa,2026-03-20T18:22:57.180894,new,,,75
396,darcom_40201,darcom,985.0,,,Sidi Salahariana,ARIANA,north,Sale,Land,2026-03-20T16:44:39.860700,new,,,50
397,darcom_78287,darcom,1382.0,,,Soukraariana,ARIANA,north,Rent,Villa,2026-03-20T17:04:21.511450,new,,,70
398,newkey_130171,newkey,790000.0,,,Tunis,TUNIS,north,Sale,Commercial,2026-03-20T18:23:27.686351,new,,,70
399,darcom_79359,darcom,1394.0,,,La Soukraariana,ARIANA,north,Rent,Land,2026-03-20T17:04:15.808674,new,,,70
400,darcom_130423,darcom,1969.0,,,150 M De La Plage - Le Kramtunis,TUNIS,north,Sale,Land,2026-03-20T16:44:56.638511,new,,,50
401,tunisieannonce_020a2427ba43,tunisieannonce,170000.0,,,Sidi Thabet,ARIANA,north,Sale,Land,2026-03-22T17:22:44.357018,new,,,55
402,newkey_130380,newkey,2500.0,,,Tunis,TUNIS,north,Sale,Apartment,2026-03-20T18:23:08.157025,new,,,55
403,tunisieannonce_03b8913631f3,tunisieannonce,490000.0,,,Sidi Mansour,BIZERTE,north,Sale,Villa,2026-03-22T21:33:14.533660,new,,,55
404,newkey_130322,newkey,2500.0,,,Tunis,TUNIS,north,Sale,Apartment,2026-03-20T18:23:33.342594,new,,,55
405,newkey_130362,newkey,1500.0,,,Ariana,ARIANA,north,Sale,Apartment,2026-03-20T18:23:02.579923,new,,,50
406,newkey_130191,newkey,410000.0,,,Ariana,ARIANA,north,Sale,Apartment,2026-03-20T18:23:39.462921,new,,,40
407,tunisieannonce_00a988c0b963,tunisieannonce,38250.0,425.0,,Ennagr,SOUSSE,east,Sale,Land,2026-03-23T11:43:01.810895,new,,,45
408,tunisieannonce_03b49f2fb350,tunisieannonce,300000.0,,,Belaoum,SOUSSE,east,Sale,Land,2026-03-22T17:28:09.520919,new,,,40
409,tunisieannonce_01c9bb458e80,tunisieannonce,24000.0,,,Cite Jardins,ARIANA,north,Rent,Commercial,2026-03-23T04:52:10.602676,new,,,35
410,tunisieannonce_043083ea7291,tunisieannonce,240000.0,,,Ezzahra,BEN AROUS,north,Sale,Other,2026-03-23T11:41:14.938355,new,,,55
411,tunisieannonce_0ca19d36049f,tunisieannonce,2100.0,,,Bab El Assel,TUNIS,north,Sale,Other,2026-03-23T03:44:56.336641,new,,,35
412,tunisieannonce_091756cb7256,tunisieannonce,3000.0,,,Marsa Safsaf,Marsa Safsaf,,Rent,Other,2026-03-23T15:38:00.878785,new,,,20
413,tunisieannonce_043b4dbad271,tunisieannonce,370000.0,,,Hammam Sousse,SOUSSE,east,Sale,Villa,2026-03-23T03:08:32.589125,new,,,55
414,tunisieannonce_0a258c0cf1c1,tunisieannonce,1000.0,,,Cebbala,SIDI BOUZID,west,Sale,Other,2026-03-22T21:16:39.905590,new,,,35
415,tunisieannonce_0826335a2a62,tunisieannonce,110000.0,,,El Mourouj 2,BEN AROUS,north,Sale,Apartment,2026-03-21T17:12:03.123488,new,,,55
416,tunisieannonce_053aa390aac7,tunisieannonce,360000.0,,,Sousse Khezama,SOUSSE,east,Sale,Other,2026-03-23T02:42:03.459924,new,,,55
417,tunisieannonce_07b7a04e254b,tunisieannonce,355000.0,355.0,,Riadh Landlous,ARIANA,north,Sale,Villa,2026-03-23T15:18:33.261320,new,,,55
418,tunisieannonce_0aa7a7525fe9,tunisieannonce,300000.0,,,Denden,MANNOUBA,,Sale,Villa,2026-03-23T01:24:25.246294,new,,,40
419,tunisieannonce_0b23e15c82c0,tunisieannonce,5300.0,,,Zone Industriel,BEJA,,Sale,Other,2026-03-22T21:32:47.725060,new,,,40
420,tunisieannonce_0524f4db7a0c,tunisieannonce,55000.0,,,Borj Ennour,MANNOUBA,,Sale,Land,2026-03-23T02:09:19.907048,new,,,55
421,tunisieannonce_18e631f22f7f,tunisieannonce,70000.0,,,Hedi Chaker,GABES,,Sale,Commercial,2026-03-23T12:00:27.018514,new,,,60
422,tunisieannonce_1520c5c64a59,tunisieannonce,410000.0,,,Dar Fadhal,ARIANA,north,Sale,Other,2026-03-22T21:50:14.522952,new,,,55
423,tunisieannonce_0cada1f20e39,tunisieannonce,5500.0,,,Gammart,BEJA,,Rent,Villa,2026-03-23T16:25:19.817571,new,,,45
424,tunisieannonce_12a6cae9d365,tunisieannonce,850000.0,,,Sidi Messaoud,BEN AROUS,north,Sale,Land,2026-03-22T20:53:27.748538,new,,,50
425,tunisieannonce_13eb7ff4dc3c,tunisieannonce,125000.0,,,El Medina,GABES,,Sale,Other,2026-03-23T01:42:10.122630,new,,,55
426,tunisieannonce_14ec5eb8fd15,tunisieannonce,145000.0,,2,Village Mediter,BEN AROUS,north,Sale,Villa,2026-03-23T10:34:04.102835,new,,,50
427,tunisieannonce_0f0c41e25431,tunisieannonce,100000.0,500.0,,Dhahri,NABEUL,north,Sale,Land,2026-03-21T17:07:21.831601,new,,,55
428,tunisieannonce_0d886f9a9b47,tunisieannonce,1180.0,,,Ras Tabia,TUNIS,north,Rent,Apartment,2026-03-22T18:35:17.294100,new,,,55
429,tunisieannonce_17bf1f50697e,tunisieannonce,520000.0,,,Hammamet,NABEUL,north,Sale,Villa,2026-03-23T16:28:02.719855,new,,,55
430,tunisieannonce_171ec68c49dd,tunisieannonce,290000.0,,,Residence Ennac,BEN AROUS,north,Sale,Other,2026-03-22T20:46:18.342577,new,,,40
431,tunisieannonce_1ff5b8382f01,tunisieannonce,104000.0,,,Menzel Temime,NABEUL,north,Sale,Land,2026-03-23T03:13:35.965034,new,,,55
432,tunisieannonce_192281a9b901,tunisieannonce,36000.0,,,Tabarka,JENDOUBA,north,Sale,Land,2026-03-23T09:28:47.047884,new,,,55
433,tunisieannonce_22326afd9e13,tunisieannonce,2230.0,,,Mornag,BEN AROUS,north,Sale,Land,2026-03-23T03:27:46.666359,new,,,35
434,tunisieannonce_22894f43430b,tunisieannonce,30000.0,,,Sfax,SFAX,east,Sale,Other,2026-03-23T09:16:34.361682,new,,,55
435,tunisieannonce_23e197ed3238,tunisieannonce,100000.0,,,Ain El Fellat,SFAX,east,Sale,Land,2026-03-22T18:53:27.338103,new,,,40
436,tunisieannonce_21e372e6293f,tunisieannonce,1800.0,,,Casino La Goule,TUNIS,north,Sale,Villa,2026-03-21T17:10:40.817980,new,,,25
437,tunisieannonce_1d6ce517aeab,tunisieannonce,4000.0,,,La Soukra,ARIANA,north,Rent,Villa,2026-03-23T15:40:51.475210,new,,,60
438,tunisieannonce_200be47f802c,tunisieannonce,115000.0,,,Khezama Ouest,SOUSSE,east,Sale,Villa,2026-03-23T03:48:46.900412,new,,,40
439,tunisieannonce_2141f94a7f29,tunisieannonce,90000.0,,,Cite Chebil,BEN AROUS,north,Sale,Land,2026-03-23T10:02:57.493417,new,,,40
440,tunisieannonce_1f44df59c2af,tunisieannonce,1300.0,,,Cite Ennasr,ARIANA,north,Rent,Apartment,2026-03-22T18:02:53.014532,new,,,25
441,tunisieannonce_2a6e58d3dcd7,tunisieannonce,1300.0,,,El Aouina,KEBILI,,Rent,Apartment,2026-03-23T11:12:34.511257,new,,,60
442,tunisieannonce_2640c38d66ba,tunisieannonce,150000.0,,,Cite El Manezeh,SOUSSE,east,Sale,Land,2026-03-22T22:20:23.604999,new,,,40
443,tunisieannonce_24322132cae4,tunisieannonce,1200.0,,,Sidi Hmed,NABEUL,north,Sale,Villa,2026-03-21T17:11:24.542661,new,,,20
444,tunisieannonce_2796efa5c6a5,tunisieannonce,160000.0,160.0,,Jardins D'El Me,Jardins d'el Me,,Sale,Other,2026-03-23T10:41:17.679444,new,,,60
445,tunisieannonce_2a5aec6cfa81,tunisieannonce,110000.0,,,Bou Kornine,BEN AROUS,north,Sale,Apartment,2026-03-23T03:41:12.248313,new,,,50
446,tunisieannonce_24aaf8a37d06,tunisieannonce,150000.0,,,Cite Oplympique,Cite Oplympique,,Sale,Other,2026-03-22T21:58:51.760832,new,,,15
447,tunisieannonce_2a6f96581d64,tunisieannonce,360000.0,,,Hammam Lif,BEN AROUS,north,Sale,Villa,2026-03-23T10:02:21.656361,new,,,60
448,tunisieannonce_23e2fc0bade9,tunisieannonce,160000.0,,,Cite El Ghazala,ARIANA,north,Sale,Commercial,2026-03-23T10:24:16.137255,new,,,40
449,tunisieannonce_268a04f6efc5,tunisieannonce,3200.0,,,Cite El Khalil,TUNIS,north,Rent,Villa,2026-03-23T12:09:19.959622,new,,,60
450,tunisieannonce_2722f83b510f,tunisieannonce,4500.0,,,El Menzah 6,ARIANA,north,Sale,Commercial,2026-03-23T10:04:34.664859,new,,,35
451,tunisieannonce_302df22e5acd,tunisieannonce,350000.0,,,Cebalet Ben Amm,ARIANA,north,Sale,Land,2026-03-23T10:06:22.790585,new,,,40
452,tunisieannonce_2cc3e02dcb42,tunisieannonce,1500.0,,,Cite El Menagua,MAHDIA,east,Rent,Villa,2026-03-22T20:03:07.103018,new,,,45
453,tunisieannonce_30699a795b6d,tunisieannonce,80000.0,3000.0,,Testour,BEJA,,Sale,Land,2026-03-23T09:30:49.009770,new,,,50
454,tunisieannonce_30f79ebb408c,tunisieannonce,410000.0,,,Bizerte,BIZERTE,north,Sale,Other,2026-03-23T10:30:10.150268,new,,,55
455,tunisieannonce_2d8049e5d148,tunisieannonce,150000.0,,,Mnihla,ARIANA,north,Sale,Land,2026-03-22T17:40:20.745425,new,,,55
456,tunisieannonce_2d0fd123ffd5,tunisieannonce,400000.0,,,Cite Ali Bourgu,ARIANA,north,Sale,Land,2026-03-23T00:57:40.331010,new,,,45
457,tunisieannonce_2daea51fd658,tunisieannonce,1600.0,,,Borj El Baccouc,ARIANA,north,Rent,Other,2026-03-23T05:48:17.924449,new,,,40
458,tunisieannonce_2cbb06df715a,tunisieannonce,4900.0,,,Mornaguia,MANNOUBA,,Sale,Land,2026-03-22T21:18:42.209982,new,,,35
459,tunisieannonce_2e7d80fb972c,tunisieannonce,950000.0,,,Naassen,BEN AROUS,north,Sale,Land,2026-03-23T03:06:35.081422,new,,,55
460,tunisieannonce_319651da4122,tunisieannonce,470000.0,,,Khazroun,MEDENINE,,Sale,Land,2026-03-22T20:36:29.790401,new,,,55
461,tunisieannonce_3306a4884416,tunisieannonce,555.0,,,Kelibia,NABEUL,north,Rent,Villa,2026-03-23T09:22:24.107928,new,,,55
462,tunisieannonce_36601382e170,tunisieannonce,400.0,,,Habib Thameur,KEF,,Sale,Commercial,2026-03-23T05:39:08.484097,new,,,35
463,tunisieannonce_37d199d63096,tunisieannonce,786500.0,,,Cite Bhar Lazre,TUNIS,north,Sale,Land,2026-03-23T03:04:26.463640,new,,,40
464,tunisieannonce_3704f2ce7d61,tunisieannonce,164520.0,,,Jabbes,ARIANA,north,Sale,Land,2026-03-23T10:14:49.476041,new,,,40
465,tunisieannonce_38f539c45497,tunisieannonce,400000.0,,,Sidi Mediene,BEJA,,Sale,Land,2026-03-23T01:42:53.686715,new,,,40
466,tunisieannonce_38d8c552975c,tunisieannonce,1500.0,,,Republique,ARIANA,north,Sale,Commercial,2026-03-23T11:02:56.026534,new,,,35
467,tunisieannonce_32645727de75,tunisieannonce,6500.0,65.0,,Cite Bou Mhel,BEN AROUS,north,Sale,Villa,2026-03-23T10:22:50.393663,new,,,55
468,tunisieannonce_348d0543a02f,tunisieannonce,250.0,,,Metline,BIZERTE,north,Rent,Apartment,2026-03-23T01:22:47.857310,new,,,60
469,tunisieannonce_3626b8f633ba,tunisieannonce,150000.0,325.0,,Kalaa Essghira,SOUSSE,east,Sale,Land,2026-03-23T10:49:13.369990,new,,,70
470,tunisieannonce_39c7faea88b9,tunisieannonce,170000.0,170.0,,Sidi Salah,ARIANA,north,Sale,Land,2026-03-22T19:37:53.409594,new,,,70
471,tunisieannonce_447e426fadb2,tunisieannonce,1500.0,,,Cite De La Plag,MAHDIA,east,Sale,Villa,2026-03-23T00:54:22.366153,new,,,20
472,tunisieannonce_3bb14ab1cecf,tunisieannonce,85000.0,,,Cite El Elmi 1,BEN AROUS,north,Sale,Apartment,2026-03-23T09:19:58.728915,new,,,40
473,tunisieannonce_3e537f02c3ad,tunisieannonce,6400.0,,,Kheireddine Pac,NABEUL,north,Sale,Commercial,2026-03-23T09:31:18.547827,new,,,45
474,tunisieannonce_3df339a56c58,tunisieannonce,195000.0,,,Abou El Kacem C,TUNIS,north,Sale,Villa,2026-03-23T03:35:27.549844,new,,,40
475,tunisieannonce_4129aeeb98e8,tunisieannonce,1700.0,,,Tunis Belvedere,TUNIS,north,Sale,Commercial,2026-03-23T11:36:45.413661,new,,,40
476,tunisieannonce_452a90c8331b,tunisieannonce,8000.0,,,Sidi Bousaid,TUNIS,north,Rent,Villa,2026-03-23T05:13:22.773664,new,,,45
477,tunisieannonce_3eecf4d4752c,tunisieannonce,,,,Sousse Corniche,SOUSSE,east,Sale,Other,2026-03-22T20:05:52.226607,new,,,10
478,tunisieannonce_3f3f6607ebab,tunisieannonce,2200.0,,,Cite Sahloul,SOUSSE,east,Rent,Other,2026-03-23T12:08:25.183952,new,,,45
479,tunisieannonce_42b8af4565c8,tunisieannonce,270000.0,,,Boucha,ZAGHOUAN,north,Sale,Land,2026-03-22T17:14:51.739586,new,,,55
480,tunisieannonce_3bb69c2be7f6,tunisieannonce,180000.0,,,El Haouaria,NABEUL,north,Sale,Other,2026-03-23T01:44:33.999726,new,,,55
481,tunisieannonce_45b8ddd62a0c,tunisieannonce,134000.0,244.0,,Soliman,NABEUL,north,Sale,Land,2026-03-23T05:33:25.947340,new,,,70
482,tunisieannonce_4d25e5a59492,tunisieannonce,430000.0,,,Borj El Amri,MANNOUBA,,Sale,Villa,2026-03-23T02:04:05.370266,new,,,55
483,tunisieannonce_51201dd0615a,tunisieannonce,55000.0,,,Khelidia,BEN AROUS,north,Sale,Other,2026-03-22T22:48:34.495550,new,,,55
484,tunisieannonce_4555871999a8,tunisieannonce,460000.0,,,Douar Hicher,MANNOUBA,,Sale,Land,2026-03-22T17:43:45.377694,new,,,55
485,tunisieannonce_4c7de51b4870,tunisieannonce,2300.0,,,Cite Erriadh,ARIANA,north,Rent,Villa,2026-03-22T23:26:24.077752,new,,,55
486,tunisieannonce_4c824f2593f0,tunisieannonce,15000.0,,,Chaffar,SFAX,east,Rent,Villa,2026-03-21T11:29:22.456656,new,,,55
487,tunisieannonce_5094d2e0d571,tunisieannonce,420000.0,,,Chorfech,ARIANA,north,Sale,Land,2026-03-23T09:33:37.687441,new,,,50
488,tunisieannonce_4b802e1de82c,tunisieannonce,6000.0,,,Cartage Byrsa,TUNIS,north,Rent,Villa,2026-03-23T03:53:24.648356,new,,,40
489,tunisieannonce_47ca165a2b3e,tunisieannonce,200.0,,,Cite Ezzouhour,BEJA,,Rent,Apartment,2026-03-23T00:00:12.085834,new,,,40
490,tunisieannonce_4c0fd72c39f3,tunisieannonce,1400.0,,,El Manar 1,BEJA,,Sale,Commercial,2026-03-23T11:09:12.724702,new,,,35
491,tunisieannonce_51b7902fb19b,tunisieannonce,200000.0,,,Zaghouan,ZAGHOUAN,north,Sale,Other,2026-03-23T05:45:11.736223,new,,,60
492,tunisieannonce_544df0ceafc8,tunisieannonce,1600.0,,,Sousse Riadh,SOUSSE,east,Sale,Villa,2026-03-23T04:57:33.897751,new,,,35
493,tunisieannonce_53ecf8371c95,tunisieannonce,30000.0,,,Tazarka,NABEUL,north,Sale,Land,2026-03-23T02:05:48.780676,new,,,55
494,tunisieannonce_574fd8192f91,tunisieannonce,550000.0,,,Borj Cedria,BEN AROUS,north,Sale,Villa,2026-03-23T11:25:56.344742,new,,,55
495,tunisieannonce_56a0280056cc,tunisieannonce,750000.0,,,Cite Jaouhara,BEN AROUS,north,Sale,Land,2026-03-23T03:10:06.759079,new,,,40
496,tunisieannonce_5633c33cd614,tunisieannonce,1250.0,1250.0,,El Menzah 9,TUNIS,north,Rent,Other,2026-03-23T16:07:15.776242,new,,,60
497,tunisieannonce_588cc134e79f,tunisieannonce,1180.0,,,Cite Elyes,ARIANA,north,Rent,Other,2026-03-23T00:26:41.314596,new,,,45
498,tunisieannonce_52bbe073fa8c,tunisieannonce,1500.0,,,Montplaisir,TUNIS,north,Sale,Commercial,2026-03-23T04:59:25.269274,new,,,35
499,tunisieannonce_56ccad7829bc,tunisieannonce,72100.0,,,Fondouk Jedid,NABEUL,north,Sale,Land,2026-03-23T01:56:46.661248,new,,,55
500,tunisieannonce_56c4f435a72a,tunisieannonce,150000.0,,,Cite Sprols,BEN AROUS,north,Sale,Land,2026-03-22T19:14:22.125443,new,,,40
501,tunisieannonce_594f9be681ce,tunisieannonce,490000.0,,,Monastir,MONASTIR,east,Sale,Land,2026-03-23T12:11:44.859665,new,,,55
502,tunisieannonce_58c4cfe01856,tunisieannonce,850.0,,,Cite El Intissa,ARIANA,north,Rent,Apartment,2026-03-22T22:19:39.264190,new,,,40
503,tunisieannonce_5beeec60bba4,tunisieannonce,150000.0,,,Bir El Jedey,NABEUL,north,Sale,Land,2026-03-22T23:10:58.800564,new,,,40
504,tunisieannonce_5d14a4de50e8,tunisieannonce,1200.0,,,Menzel Bouzelfa,NABEUL,north,Sale,Land,2026-03-23T05:50:28.918940,new,,,35
505,tunisieannonce_5e4d37eb93a8,tunisieannonce,300.0,,,Marsa Erriadh,TUNIS,north,Rent,Other,2026-03-23T10:10:18.831337,new,,,55
506,tunisieannonce_5f9e48ad99d3,tunisieannonce,8750.0,300.0,,Berge Du Lac,TUNIS,north,Sale,Commercial,2026-03-23T16:28:53.013087,new,,,35
507,tunisieannonce_5ce44c774170,tunisieannonce,2400.0,,,Cite El Mhiri,BEJA,,Rent,Villa,2026-03-23T09:49:41.977360,new,,,60
508,tunisieannonce_595dff6ff0fc,tunisieannonce,1400.0,,,Cite Des Juges,ARIANA,north,Rent,Other,2026-03-23T09:49:08.022508,new,,,60
509,tunisieannonce_603bbe7c239a,tunisieannonce,230.0,6000.0,,Charguia 2,ARIANA,north,Rent,Other,2026-03-23T04:09:20.234485,new,,,45
510,tunisieannonce_621c83c626b5,tunisieannonce,520000.0,,,Ben Arous,BEN AROUS,north,Sale,Villa,2026-03-23T10:19:57.977261,new,,,55
511,tunisieannonce_623b5da397de,tunisieannonce,120000.0,,,Essalloum,SOUSSE,east,Sale,Land,2026-03-22T22:00:05.744045,new,,,55
512,tunisieannonce_6965c52d9a05,tunisieannonce,11111.0,,,Bir Bouregba,NABEUL,north,Sale,Land,2026-03-23T00:46:28.077763,new,,,35
513,tunisieannonce_690fc14c15b8,tunisieannonce,650000.0,,,Cite El Bochra,BEN AROUS,north,Sale,Villa,2026-03-21T17:12:06.406603,new,,,40
514,tunisieannonce_6a7143fbb460,tunisieannonce,245000.0,,,Merkez Ouali,SFAX,east,Sale,Land,2026-03-23T00:06:30.122702,new,,,10
515,tunisieannonce_65bb0e899fc4,tunisieannonce,1450.0,,,Cite El Moustak,BEJA,,Sale,Villa,2026-03-22T22:41:00.859659,new,,,20
516,tunisieannonce_68ee32539cff,tunisieannonce,330000.0,,,Cite Essalah,JENDOUBA,north,Sale,Villa,2026-03-23T12:02:03.019257,new,,,40
517,tunisieannonce_65fe8964fdda,tunisieannonce,4500.0,,,Utique,BIZERTE,north,Sale,Other,2026-03-23T09:43:54.621197,new,,,35
518,tunisieannonce_6e2d175b2bbb,tunisieannonce,6000.0,,,Marsa Ennassim,Marsa Ennassim,,Rent,Villa,2026-03-23T16:26:11.549655,new,,,35
519,tunisieannonce_699fc8b041ac,tunisieannonce,3250.0,,,Sidi Bou Ali,SOUSSE,east,Sale,Land,2026-03-22T23:04:51.062690,new,,,35
520,tunisieannonce_6706ccafd63b,tunisieannonce,980000.0,,,Sidi Jedidi,NABEUL,north,Sale,Villa,2026-03-21T17:11:28.698245,new,,,55
521,tunisieannonce_6f208bd62681,tunisieannonce,350000.0,,,Le Kram Ouest,TUNIS,north,Sale,Villa,2026-03-23T05:38:10.621480,new,,,60
522,tunisieannonce_735ebf0856c4,tunisieannonce,9999.0,,,Charguia 1,ARIANA,north,Sale,Other,2026-03-23T10:35:31.869675,new,,,55
523,tunisieannonce_72ac5283f437,tunisieannonce,900.0,,,Hergla,SOUSSE,east,Rent,Other,2026-03-23T14:33:33.005953,new,,,60
524,tunisieannonce_737d81c6697d,tunisieannonce,250000.0,,,Ezzouhour 4,GAFSA,south,Sale,Villa,2026-03-23T16:03:53.523888,new,,,20
525,tunisieannonce_73c798a94cab,tunisieannonce,210000.0,337.0,,Cite De La Sant,ARIANA,north,Sale,Land,2026-03-23T01:45:43.293039,new,,,55
526,tunisieannonce_709b49aa9e3d,tunisieannonce,1300.0,,,Nouvelle Medina,BEN AROUS,north,Rent,Other,2026-03-23T12:16:48.383356,new,,,60
527,tunisieannonce_714aee160da5,tunisieannonce,290000.0,,,Chatt Meriem,SOUSSE,east,Sale,Land,2026-03-23T13:37:53.031550,new,,,40
528,tunisieannonce_7099725a7f72,tunisieannonce,127875.0,,,Cite El Ghazala,ARIANA,north,Sale,Commercial,2026-03-23T10:03:55.764119,new,,,45
529,tunisieannonce_74fabd7d85da,tunisieannonce,15000.0,,,Kef Ouest,KEF,,Sale,Land,2026-03-22T21:19:53.453726,new,,,55
530,tunisieannonce_7042b40ba3bd,tunisieannonce,470000.0,,,Cite Ennkhilet,ARIANA,north,Sale,Villa,2026-03-22T19:02:38.756740,new,,,40
531,tunisieannonce_7c4ed9b43bd5,tunisieannonce,9000.0,,,Barnoussa,KEF,,Sale,Land,2026-03-23T10:03:33.527469,new,,,40
532,tunisieannonce_7c7fd859b37a,tunisieannonce,530000.0,,,Ksar Said,TUNIS,north,Sale,Villa,2026-03-23T02:03:24.591130,new,,,55
533,tunisieannonce_7dc1d162421f,tunisieannonce,300000.0,,,Raoued,ARIANA,north,Sale,Villa,2026-03-23T11:26:35.782094,new,,,60
534,tunisieannonce_7c07ea5d7763,tunisieannonce,250000.0,,,Chaabet El Mrez,NABEUL,north,Sale,Villa,2026-03-22T22:08:37.670061,new,,,10
535,tunisieannonce_7523b0ec009f,tunisieannonce,233160.0,,,Cite 7 Novembre,ARIANA,north,Sale,Land,2026-03-22T20:41:19.785312,new,,,55
536,tunisieannonce_7ad6e46a3606,tunisieannonce,185000.0,,,Rades Foret,BEN AROUS,north,Sale,Other,2026-03-23T00:59:34.474680,new,,,55
537,tunisieannonce_7931ca6c6260,tunisieannonce,800.0,,,Sfax El Jadida,SFAX,east,Rent,Commercial,2026-03-22T19:50:27.219832,new,,,55
538,tunisieannonce_7af4d6cf3e9f,tunisieannonce,1300.0,,,Dar Chaabane El,NABEUL,north,Sale,Other,2026-03-22T23:32:36.344453,new,,,40
539,tunisieannonce_7a54e4111de1,tunisieannonce,1800.0,,,Ariana Essoughr,ARIANA,north,Rent,Villa,2026-03-23T15:19:25.056054,new,,,60
540,tunisieannonce_7941cce519a9,tunisieannonce,475000.0,,,Cite El Moustak,BEJA,,Sale,Other,2026-03-23T16:27:06.326852,new,,,40
541,tunisieannonce_854a8fd5abeb,tunisieannonce,227500.0,,,Khaznadar,Khaznadar,,Sale,Land,2026-03-22T22:05:52.993395,new,,,30
542,tunisieannonce_7eef259cfce0,tunisieannonce,400000.0,,,Cite El Bokri,ARIANA,north,Sale,Other,2026-03-22T22:18:54.372718,new,,,45
543,tunisieannonce_8790500f6841,tunisieannonce,82000.0,,,Cite El Bassati,ARIANA,north,Sale,Land,2026-03-21T17:11:33.028469,new,,,40
544,tunisieannonce_811470278ba9,tunisieannonce,350000.0,,,Jaafar 2,ARIANA,north,Sale,Villa,2026-03-23T00:05:20.548238,new,,,40
545,tunisieannonce_819255031893,tunisieannonce,50000.0,,,Cite Ettadhamen,ARIANA,north,Sale,Villa,2026-03-21T17:10:34.822910,new,,,55
546,tunisieannonce_846be38672da,tunisieannonce,750.0,,,Cite Essahafa,ARIANA,north,Rent,Apartment,2026-03-23T03:28:39.142488,new,,,40
547,tunisieannonce_861f9d0e010c,tunisieannonce,1000.0,,,Cite El Moez,KAIROUAN,west,Sale,Commercial,2026-03-23T09:50:20.287799,new,,,35
548,tunisieannonce_813fecbe9ba5,tunisieannonce,820000.0,,,Bou Argoub,NABEUL,north,Sale,Land,2026-03-23T02:26:03.337003,new,,,55
549,tunisieannonce_8141ce323c89,tunisieannonce,350000.0,,,Cite Touristiqu,NABEUL,north,Sale,Villa,2026-03-23T01:43:57.419757,new,,,40
550,tunisieannonce_80a25eadc874,tunisieannonce,3935.0,,,Cite Borj Louzi,BEN AROUS,north,Sale,Land,2026-03-22T20:52:39.004207,new,,,20
551,tunisieannonce_8adc3a087d23,tunisieannonce,1100.0,,,Hammam Chatt,BEN AROUS,north,Rent,Apartment,2026-03-23T12:12:40.534898,new,,,60
552,tunisieannonce_944867fb662e,tunisieannonce,940000.0,,,El Ouerdia,TUNIS,north,Sale,Villa,2026-03-23T00:01:43.119870,new,,,55
553,tunisieannonce_934f93bb77d5,tunisieannonce,4500.0,,,Cite Du Stade,BEJA,,Rent,Villa,2026-03-23T16:20:41.019420,new,,,60
554,tunisieannonce_8ab1325b817d,tunisieannonce,1120.0,,,Chotrana 1,ARIANA,north,Rent,Other,2026-03-23T11:27:18.418295,new,,,40
555,tunisieannonce_8e4a01522550,tunisieannonce,438000.0,438.0,,Cite Boussouffa,BEN AROUS,north,Sale,Other,2026-03-22T19:19:50.767328,new,,,55
556,tunisieannonce_96056e861728,tunisieannonce,30000.0,,,Saint Gobin,BEN AROUS,north,Sale,Other,2026-03-22T19:32:54.497645,new,,,40
557,tunisieannonce_8bbd60f40f0c,tunisieannonce,150.0,,,El Menzah 8,ARIANA,north,Rent,Other,2026-03-23T10:31:45.559675,new,,,60
558,tunisieannonce_97a04543693c,tunisieannonce,1250.0,,,Cite Ennouzha,ARIANA,north,Sale,Commercial,2026-03-23T09:13:02.455649,new,,,20
559,tunisieannonce_93d1b878d03d,tunisieannonce,898000.0,,,Nouvelle Ariana,ARIANA,north,Sale,Villa,2026-03-23T10:36:44.142109,new,,,55
560,tunisieannonce_88a74a7082a9,tunisieannonce,200000.0,,,Meghira Inzel,BEN AROUS,north,Sale,Villa,2026-03-23T01:47:39.736875,new,,,40
561,tunisieannonce_9c11136b691c,tunisieannonce,500000.0,,,Zaouiet Sousse,SOUSSE,east,Sale,Other,2026-03-23T01:48:53.034118,new,,,55
562,tunisieannonce_9ff14a50d31a,tunisieannonce,400000.0,,,Le Kef,KEF,,Sale,Land,2026-03-23T02:58:30.381961,new,,,55
563,tunisieannonce_9f4ac629d61f,tunisieannonce,1200.0,,,Zone Urbaine No,Zone urbaine no,,Sale,Commercial,2026-03-23T09:13:56.897069,new,,,0
564,tunisieannonce_9a2f901d6874,tunisieannonce,8055.0,,,Cite Rous El Ha,ARIANA,north,Sale,Other,2026-03-22T19:10:30.985751,new,,,45
565,tunisieannonce_9d0e6cc9d79b,tunisieannonce,23350.0,,,Le Kram,TUNIS,north,Sale,Commercial,2026-03-23T09:35:37.015938,new,,,55
566,tunisieannonce_9c8726663784,tunisieannonce,1250.0,,,Sakiet Ezzit,SFAX,east,Sale,Land,2026-03-22T20:21:10.137305,new,,,35
567,tunisieannonce_9cfdae5dad45,tunisieannonce,66000.0,,,Cite El Bassati,ARIANA,north,Sale,Land,2026-03-21T17:12:13.426708,new,,,40
568,tunisieannonce_9978e92c4f27,tunisieannonce,350.0,,,Nabeul,NABEUL,north,Rent,Villa,2026-03-23T08:50:44.037301,new,,,55
569,tunisieannonce_9c5ea8b24f96,tunisieannonce,210000.0,,,Beja,BEJA,,Sale,Other,2026-03-23T03:16:47.196213,new,,,55
570,tunisieannonce_9cdb22371d9a,tunisieannonce,1025.0,,,Sidi Aich,GAFSA,south,Sale,Land,2026-03-21T11:29:53.629113,new,,,35
571,tunisieannonce_abd42ef8e5bd,tunisieannonce,2200.0,,,El Menzah 1,TUNIS,north,Rent,Villa,2026-03-23T16:05:35.531125,new,,,55
572,tunisieannonce_a9ddfca3380f,tunisieannonce,1100.0,,,Cite Rades 2,BEN AROUS,north,Rent,Other,2026-03-23T09:28:23.292840,new,,,55
573,tunisieannonce_a2b28037792c,tunisieannonce,1155.0,,,Chala,BEN AROUS,north,Sale,Land,2026-03-22T21:12:24.166870,new,,,20
574,tunisieannonce_a79a8902b54f,tunisieannonce,1000.0,,,Bab Alioua,TUNIS,north,Rent,Other,2026-03-22T18:36:18.390548,new,,,40
575,tunisieannonce_9ffd97b383fe,tunisieannonce,78000.0,312.0,,Zone Hoteliere,MEDENINE,,Sale,Land,2026-03-23T07:57:26.654362,new,,,55
576,tunisieannonce_a82550312c90,tunisieannonce,140.0,,,Cite Des Juges,ARIANA,north,Rent,Villa,2026-03-22T20:55:11.725371,new,,,55
577,tunisieannonce_a9211e15a343,tunisieannonce,4050.0,,,Jardins De Cart,Jardins de Cart,,Rent,Apartment,2026-03-23T00:33:10.758792,new,,,20
578,tunisieannonce_a6f7f4aaaba3,tunisieannonce,1200.0,,,Chouchet Rades,BEN AROUS,north,Sale,Land,2026-03-22T20:19:37.907860,new,,,35
579,tunisieannonce_a573c65c4b6f,tunisieannonce,200.0,,,Cite Ezzouhour,BEJA,,Rent,Apartment,2026-03-23T01:08:20.528223,new,,,40
580,tunisieannonce_9ff58a926b62,tunisieannonce,1000.0,,,Cite Afh,ARIANA,north,Rent,Other,2026-03-23T10:01:38.332112,new,,,45
581,tunisieannonce_b450ac5d21c4,tunisieannonce,693494.0,,,Chotrana 3,ARIANA,north,Sale,Apartment,2026-03-23T11:04:32.641042,new,,,55
582,tunisieannonce_aeed6468afb3,tunisieannonce,200000.0,,,Bab El Akoues,TUNIS,north,Sale,Other,2026-03-23T05:47:42.793783,new,,,40
583,tunisieannonce_b603accf01d4,tunisieannonce,5500.0,,,Cite El Hana,ARIANA,north,Rent,Villa,2026-03-22T23:41:42.036488,new,,,55
584,tunisieannonce_aee8a60ca939,tunisieannonce,950.0,,,El Yasminette,BEN AROUS,north,Rent,Other,2026-03-23T00:58:35.442703,new,,,40
585,tunisieannonce_b2cd570bbcc8,tunisieannonce,850000.0,,,Oued Ellil,MANNOUBA,,Sale,Land,2026-03-23T10:07:10.544809,new,,,55
586,tunisieannonce_af9148473708,tunisieannonce,2300.0,,,Grombalia,NABEUL,north,Sale,Other,2026-03-23T09:43:29.660268,new,,,35
587,tunisieannonce_aef2b26b0a85,tunisieannonce,750.0,,,Rades Meliane,BEN AROUS,north,Rent,Villa,2026-03-23T10:32:12.561200,new,,,55
588,tunisieannonce_ad32f7b3cdcb,tunisieannonce,3500.0,,,Amilcar,TUNIS,north,Rent,Villa,2026-03-22T22:29:25.490208,new,,,55
589,tunisieannonce_ad34e936fd40,tunisieannonce,550.0,,,Sidi Frej,ARIANA,north,Rent,Apartment,2026-03-22T17:20:03.997098,new,,,55
590,tunisieannonce_af094144e744,tunisieannonce,800.0,,,Sahloul,SOUSSE,east,Rent,Apartment,2026-03-22T21:27:31.988001,new,,,55
591,tunisieannonce_b7628c246e39,tunisieannonce,160000.0,354.0,,Cite Ennadhour,KASSERINE,west,Sale,Land,2026-03-23T02:24:57.961470,new,,,70
592,tunisieannonce_be16e3ef38ec,tunisieannonce,300000.0,,,Sidi Ali El Hat,MANNOUBA,,Sale,Land,2026-03-22T21:15:13.476339,new,,,40
593,tunisieannonce_bdfc22df4a98,tunisieannonce,630.0,,,Cite Ennasr 2,ARIANA,north,Rent,Other,2026-03-23T11:38:09.090903,new,,,40
594,tunisieannonce_b8fa2161f1f0,tunisieannonce,700.0,,,El Omrane,TUNIS,north,Rent,Apartment,2026-03-22T18:21:21.326823,new,,,55
595,tunisieannonce_bce0abea817a,tunisieannonce,520.0,,,Cite El Kornich,BIZERTE,north,Rent,Apartment,2026-03-23T03:09:19.238012,new,,,40
596,tunisieannonce_be4619780d1d,tunisieannonce,600000.0,,,Borj Touil,ARIANA,north,Sale,Villa,2026-03-23T10:14:08.800153,new,,,50
597,tunisieannonce_bb9c19a21185,tunisieannonce,285000.0,,,El Menzah 7,ARIANA,north,Sale,Apartment,2026-03-23T12:07:27.892673,new,,,55
598,tunisieannonce_c05c13f43283,tunisieannonce,2300.0,,,El Menzah 4,TUNIS,north,Rent,Other,2026-03-22T21:46:24.855599,new,,,55
599,tunisieannonce_bf16f2885c93,tunisieannonce,5000.0,,,El Menzah 5,ARIANA,north,Rent,Villa,2026-03-23T11:39:09.066006,new,,,55
600,tunisieannonce_b7a3863fc9b0,tunisieannonce,350.0,,,Bouchoucha,BIZERTE,north,Rent,Other,2026-03-23T01:33:21.642106,new,,,55
601,tunisieannonce_c9ee3483a413,tunisieannonce,520000.0,468.0,,Ariana,ARIANA,north,Sale,Villa,2026-03-23T13:28:12.776844,new,,,70
602,tunisieannonce_cafd441ca2ad,tunisieannonce,600.0,,,Sidi Boulbaba,GABES,,Rent,Villa,2026-03-23T11:06:13.004401,new,,,55
603,tunisieannonce_cb230eb79fc0,tunisieannonce,480000.0,,,Dar Allouche,NABEUL,north,Sale,Land,2026-03-22T23:06:17.233376,new,,,40
604,tunisieannonce_c881b83e8ad4,tunisieannonce,750.0,,,Monfleury,TUNIS,north,Rent,Apartment,2026-03-23T11:03:47.057690,new,,,40
605,tunisieannonce_c10f31e34542,tunisieannonce,500.0,,,Bou Mhel,BEN AROUS,north,Rent,Other,2026-03-23T11:16:23.739729,new,,,55
606,tunisieannonce_c2848cb14d9e,tunisieannonce,1200.0,,,Mtorrech,GABES,,Rent,Villa,2026-03-23T10:37:22.008946,new,,,40
607,tunisieannonce_c5b301c9b49b,tunisieannonce,3500.0,,,Ain Zaghouan,ZAGHOUAN,north,Rent,Other,2026-03-23T11:59:43.306691,new,,,55
608,tunisieannonce_c0d78dfb6a22,tunisieannonce,1700.0,,,Zouaouine,BIZERTE,north,Sale,Land,2026-03-23T09:11:33.446577,new,,,35
609,tunisieannonce_c8a66db46952,tunisieannonce,2800.0,,,Jardins De Cart,Jardins de Cart,,Rent,Villa,2026-03-23T12:10:50.536123,new,,,20
610,tunisieannonce_c246e7cedd1a,tunisieannonce,329550.0,,,Kalaa El Kebira,SOUSSE,east,Sale,Land,2026-03-23T03:28:13.423780,new,,,55
611,tunisieannonce_d40790bd6950,tunisieannonce,1070.0,,,Chotrana 2,ARIANA,north,Sale,Other,2026-03-23T03:34:54.164971,new,,,20
612,tunisieannonce_cdb9d66f1296,tunisieannonce,550.0,,,Gafsa Cite Enno,GAFSA,south,Rent,Commercial,2026-03-22T23:25:13.977071,new,,,55
613,tunisieannonce_d21894f14b20,tunisieannonce,125000.0,,,El Mourouj,BEN AROUS,north,Sale,Other,2026-03-23T10:17:56.808701,new,,,55
614,tunisieannonce_d4683cc8a4d9,tunisieannonce,350000.0,,,El Aroussa,SILIANA,north,Sale,Land,2026-03-22T21:21:48.040109,new,,,55
615,tunisieannonce_d286fc89c66b,tunisieannonce,550000.0,,,Caid Mhamed,SFAX,east,Sale,Land,2026-03-22T20:42:10.795982,new,,,40
616,tunisieannonce_d415bb3d224a,tunisieannonce,50000.0,,,Zone Hoteliere,MEDENINE,,Sale,Other,2026-03-22T20:37:28.802160,new,,,40
617,tunisieannonce_cfb664bf9691,tunisieannonce,15000.0,,,El Charguia,TUNIS,north,Rent,Other,2026-03-21T17:08:52.420321,new,,,55
618,tunisieannonce_cf4ffac4a13b,tunisieannonce,3690.0,,,Sidi Issa,NABEUL,north,Sale,Land,2026-03-22T23:29:37.370975,new,,,20
619,tunisieannonce_cfbfb4fce074,tunisieannonce,123456.0,,,Cite 25 Juillet,TUNIS,north,Sale,Villa,2026-03-22T21:07:44.456393,new,,,40
620,tunisieannonce_d2987f95b0aa,tunisieannonce,287000.0,,,Sousse,SOUSSE,east,Sale,Commercial,2026-03-23T02:31:02.082650,new,,,60
621,tunisieannonce_d561875bf8aa,tunisieannonce,250000.0,5560.0,,Kairouan Sud,KAIROUAN,west,Sale,Land,2026-03-23T10:31:24.638717,new,,,40
622,tunisieannonce_de6a038ff89c,tunisieannonce,2300.0,,6,El Manar 2,BEJA,,Sale,Commercial,2026-03-23T11:58:22.864881,new,,,45
623,tunisieannonce_d909369fa507,tunisieannonce,30000.0,,,Cite Essaada 2,BEN AROUS,north,Sale,Land,2026-03-21T17:10:37.000702,new,,,40
624,tunisieannonce_daff53ea3c3d,tunisieannonce,656400.0,,,Ghar El Melh,BIZERTE,north,Sale,Land,2026-03-23T03:06:09.421655,new,,,55
625,tunisieannonce_de829fb8eee9,tunisieannonce,2557.0,,,La Mannouba,MANNOUBA,,Sale,Land,2026-03-23T10:16:29.014606,new,,,35
626,tunisieannonce_d6cbe3e7e17f,tunisieannonce,630000.0,,,Hammam Jebli,NABEUL,north,Sale,Land,2026-03-23T11:27:44.399955,new,,,55
627,tunisieannonce_dc4162448dc4,tunisieannonce,350000.0,,,Rades,BEN AROUS,north,Sale,Villa,2026-03-23T13:30:06.860778,new,,,60
628,tunisieannonce_dd367d6dcc7c,tunisieannonce,150000.0,,,Bab Bhar,TUNIS,north,Sale,Apartment,2026-03-23T11:02:27.244266,new,,,55
629,tunisieannonce_dadf701bfa31,tunisieannonce,360000.0,,,Borj Youssef,ARIANA,north,Sale,Land,2026-03-23T01:58:28.270194,new,,,55
630,tunisieannonce_e01df576eee6,tunisieannonce,250000.0,,,Tataouine,TATAOUINE,south,Sale,Commercial,2026-03-23T10:28:52.116673,new,,,55
631,tunisieannonce_e2908a51cef2,tunisieannonce,600.0,,,Cite El Khadra,TUNIS,north,Rent,Commercial,2026-03-23T01:27:14.440904,new,,,55
632,tunisieannonce_e226b2ee7b43,tunisieannonce,80000.0,,,Sakiet Eddaier,SFAX,east,Sale,Land,2026-03-22T19:05:03.498523,new,,,55
633,tunisieannonce_e023ae9e34b1,tunisieannonce,145000.0,,,Jaafar 1,ARIANA,north,Sale,Other,2026-03-23T03:36:15.688306,new,,,40
634,tunisieannonce_e0461162b3da,tunisieannonce,960000.0,,,Cite El Mahrsi,NABEUL,north,Sale,Villa,2026-03-23T11:24:39.847913,new,,,40
635,tunisieannonce_e6d36ab8b455,tunisieannonce,190000.0,190.0,,Borj Louzir,ARIANA,north,Sale,Villa,2026-03-23T11:21:32.899421,new,,,65
636,tunisieannonce_e1117154ccbb,tunisieannonce,32625.0,1350.0,,Mutuelle Ville,TUNIS,north,Sale,Commercial,2026-03-23T16:18:30.732270,new,,,35
637,tunisieannonce_e68c8e3d88a1,tunisieannonce,330000.0,,,El Brarja,ARIANA,north,Sale,Villa,2026-03-23T09:34:39.060054,new,,,40
638,tunisieannonce_e17f671760d4,tunisieannonce,150.0,,,Cite Ennasr 1,ARIANA,north,Rent,Other,2026-03-23T10:29:31.035506,new,,,60
639,tunisieannonce_e5579334f6f8,tunisieannonce,360000.0,160.0,,Residence Jinen,BEN AROUS,north,Sale,Other,2026-03-22T21:25:37.129716,new,,,60
640,tunisieannonce_e0893fd84391,tunisieannonce,28000.0,,,Mejez El Bab,BEJA,,Sale,Land,2026-03-23T03:17:57.675089,new,,,55
641,tunisieannonce_eb2d0d0a6e6b,tunisieannonce,1240.0,1032.0,,Sidi Daoud,NABEUL,north,Sale,Land,2026-03-23T15:16:48.359270,new,,,50
642,tunisieannonce_e98e86e89c36,tunisieannonce,160000.0,400.0,,Sidi Saad,BEJA,,Sale,Land,2026-03-22T19:21:11.219756,new,,,70
643,tunisieannonce_f0bbad09425c,tunisieannonce,280.0,,,Lakagnia,TUNIS,north,Rent,Other,2026-03-21T11:28:48.979311,new,,,40
644,tunisieannonce_ed40518e41a2,tunisieannonce,950000.0,,,Le Bardo,TUNIS,north,Sale,Villa,2026-03-23T10:24:49.055562,new,,,55
645,tunisieannonce_ea756dc1decd,tunisieannonce,328000.0,,,Cite Chaker,ARIANA,north,Sale,Land,2026-03-23T10:38:57.339278,new,,,55
646,tunisieannonce_eb57ed2ebb0d,tunisieannonce,100000.0,,,Rades Plage,BEN AROUS,north,Sale,Land,2026-03-23T10:27:04.302084,new,,,55
647,tunisieannonce_f521895b230d,tunisieannonce,1000.0,,,Hammam Sousse G,SOUSSE,east,Rent,Apartment,2026-03-23T00:06:01.505445,new,,,55
648,tunisieannonce_ea674236a458,tunisieannonce,135000.0,,,Cite Ettayarene,ARIANA,north,Sale,Villa,2026-03-23T02:37:12.491624,new,,,40
649,tunisieannonce_ef5ec91db612,tunisieannonce,150000.0,,,Mohamadia,BEN AROUS,north,Sale,Other,2026-03-22T21:49:52.690595,new,,,55
650,tunisieannonce_ef1d41282014,tunisieannonce,350000.0,,,Ahel Jemiaa,MAHDIA,east,Sale,Land,2026-03-23T01:47:59.662748,new,,,55
651,tunisieannonce_faaf04a8a14b,tunisieannonce,591000.0,,,Cite Hached,BEJA,,Sale,Land,2026-03-23T03:59:22.780059,new,,,55
652,tunisieannonce_f567d93f7dad,tunisieannonce,180000.0,,,Cite El Mourouj,ARIANA,north,Sale,Apartment,2026-03-23T01:52:15.527833,new,,,55
653,verdar_124362,verdar,1900.0,,,Nouvelle Médina,,,Rent,Villa,2026-03-23T06:19:08.696712,new,,,30
654,verdar_107846,verdar,105000.0,,,Boumhel,,,Sale,Land,2026-03-23T06:13:29.119200,new,,,5
655,tunisieannonce_ff3cd9439377,tunisieannonce,580000.0,,,El Kantaoui,SOUSSE,east,Sale,Other,2026-03-23T05:14:58.493338,new,,,55
656,tunisieannonce_f7a1fba79059,tunisieannonce,630000.0,,,Ezzahra,BEN AROUS,north,Sale,Land,2026-03-23T11:37:30.689270,new,,,55
657,tunisieannonce_f7b912985e98,tunisieannonce,800000.0,,,Akouda,SOUSSE,east,Sale,Villa,2026-03-23T16:20:03.028361,new,,,55
658,tunisieannonce_ffcdf063ef3e,tunisieannonce,1000.0,,,Cite De La Plag,MAHDIA,east,Rent,Commercial,2026-03-22T18:49:48.598435,new,,,40
659,tunisieannonce_fe5e793e10f3,tunisieannonce,7000.0,,,Carthage,TUNIS,north,Rent,Villa,2026-03-23T16:22:46.716403,new,,,60
660,tunisieannonce_feb3d64f2b38,tunisieannonce,18500.0,,,Maknassy,SIDI BOUZID,west,Sale,Land,2026-03-23T09:17:11.662530,new,,,55
661,verdar_124576,verdar,1300.0,,,Boumhel Belair,,,Rent,Villa,2026-03-23T06:18:09.660507,new,,,15
662,verdar_91041,verdar,880000.0,,,Hammam Chat,,,Sale,Land,2026-03-23T06:11:07.811261,new,,,10
663,verdar_129894,verdar,620000.0,,,Boumhel,,,Sale,Land,2026-03-23T06:14:30.780556,new,,,5
664,verdar_127969,verdar,1300.0,,,Boumhel,,,Rent,Apartment,2026-03-23T06:16:25.205881,new,,,5
665,verdar_92821,verdar,399000.0,,,Boumhel Cité El Bahri,,,Sale,Land,2026-03-23T06:15:22.608210,new,,,0
666,verdar_124421,verdar,2200.0,,,Ezzahra,,,Rent,Commercial,2026-03-23T06:20:04.784331,new,,,30
667,verdar_97543,verdar,980000.0,,,Bélair Boumhel,,,Sale,Land,2026-03-23T06:12:42.603762,new,,,10
668,verdar_124672,verdar,750.0,,,Boumhel Et Pas- De- Porte 22Md,,,Rent,Commercial,2026-03-23T06:20:59.865731,new,,,15
669,verdar_124713,verdar,3000400.0,,,Hammam Chatt Pour Une Location Estivale Ou Par Nuitée,,,Rent,Land,2026-03-23T06:17:14.491226,new,,,10
670,verdar_129904,verdar,345000.0,,,Boumhel,,,Sale,Apartment,2026-03-23T06:11:50.036919,new,,,5
671,zitouna_immo_6535,zitouna_immo,1250.0,,,Kheireddine À Tunis,,,Sale,Villa,2026-03-23T05:56:42.467569,new,,,15
672,zitouna_immo_5707,zitouna_immo,15000.0,,,Tunis,TUNIS,north,Rent,Villa,2026-03-23T06:09:40.837778,new,,,70
673,zitouna_immo_5518,zitouna_immo,4500.0,,,La Marsa À Tunis,,,Rent,Apartment,2026-03-23T06:04:45.777783,new,,,20
674,zitouna_immo_4702,zitouna_immo,3500.0,,,La Marsa Plage À Tunis,,,Rent,Apartment,2026-03-23T06:05:54.827896,new,,,0
675,zitouna_immo_6434,zitouna_immo,970000.0,,,Chotrana À Ariana,,,Sale,Villa,2026-03-23T05:52:12.677350,new,,,5
676,zitouna_immo_5775,zitouna_immo,,,,La Marsa Cube À Tunis,,,Rent,Villa,2026-03-23T06:01:03.932462,new,,,15
677,zitouna_immo_6534,zitouna_immo,,,,Slimene À Nabeul,,,Sale,Land,2026-03-23T05:58:47.469245,new,,,5
678,zitouna_immo_5804,zitouna_immo,,,,Sousse À Sousse,,,Sale,Villa,2026-03-23T05:58:04.060858,new,,,15
679,zitouna_immo_5557,zitouna_immo,4185.0,,,Amilcar À Tunis,,,Rent,Land,2026-03-23T06:03:55.766501,new,,,40
680,zitouna_immo_3069,zitouna_immo,1400.0,,,La Marsa Ville À Tunis,,,Rent,Apartment,2026-03-23T06:02:39.177662,new,,,0
681,zitouna_immo_6538,zitouna_immo,890000.0,,,La Marsa À Tunis,,,Sale,Villa,2026-03-23T05:55:33.895775,new,,,40
682,zitouna_immo_6541,zitouna_immo,3500.0,,,La Marsa À Tunis,,,Rent,Apartment,2026-03-23T06:08:52.126235,new,,,0
683,zitouna_immo_738153a59532,zitouna_immo,2500.0,,,La Soukra À Ariana,,,Rent,Villa,2026-03-23T06:07:08.940936,new,,,40
684,zitouna_immo_6543,zitouna_immo,3700.0,,,La Marsa Ville À Tunis,,,Rent,Villa,2026-03-23T06:01:53.948949,new,,,5
685,zitouna_immo_6544,zitouna_immo,5000.0,,,La Soukra À Ariana,,,Rent,Other,2026-03-23T06:07:58.174114,new,,,35
686,zitouna_immo_6536,zitouna_immo,410000.0,,,La Marsa À Tunis,,,Sale,Commercial,2026-03-23T05:57:25.659648,new,,,35
687,affare_252013,affare,406000.0,129.0,3,Ghazela,ARIANA,north,Sale,Apartment,2026-03-26T08:46:53.089071,new,,,100
688,affare_212272,affare,1200.0,74.0,1,Ennasr,ARIANA,north,Sale,Apartment,2026-03-26T08:47:37.493033,price_up,1199.0,119900.0,80
689,affare_256384,affare,1050.0,70.0,1,Ennasr,ARIANA,north,Rent,Apartment,2026-03-26T08:46:59.774967,new,,,90
690,affare_259154,affare,370000.0,138.0,,Sahloul,SOUSSE,east,Sale,Commercial,2026-03-26T08:48:14.106026,new,,,90
691,affare_254550,affare,245000.0,269.0,3,Ezzouhour,TUNIS,north,Sale,Villa,2026-03-26T08:47:21.994278,price_up,244996.0,6124900.0,100
692,affare_259159,affare,800.0,,2,Akouda,SOUSSE,east,Rent,Commercial,2026-03-26T08:47:49.470584,new,,,85
693,affare_237007,affare,1350.0,100.0,,Ariana Ville,ARIANA,north,Sale,Commercial,2026-03-26T08:46:14.425228,new,,,70
694,affare_258568,affare,1900.0,130.0,3,Menzah,ARIANA,north,Rent,Apartment,2026-03-26T08:47:06.185404,new,,,90
695,affare_258987,affare,390000.0,137.0,3,Menzah,ARIANA,north,Sale,Apartment,2026-03-26T08:47:15.119113,price_up,389993.0,5571328.57,100
696,affare_246809,affare,2000.0,208.0,4,L'Aouina,TUNIS,north,Sale,Apartment,2026-03-26T08:47:44.175787,price_up,1998.0,99900.0,80
697,century21_03c93edcedb8,century21,,,,Ain Zaghouan,TUNIS,north,Sale,Apartment,2026-03-26T08:57:13.321941,new,,,30
698,century21_301919c5622c,century21,,,,Gammarth,TUNIS,north,Sale,Apartment,2026-03-26T09:05:07.896256,new,,,30
699,century21_29a98f100e00,century21,,700.0,,El Menzah,ARIANA,north,Sale,Villa,2026-03-26T09:04:43.386070,new,,,75
700,century21_323a0986bf3a,century21,,281.0,,El Menzah,TUNIS,north,Sale,Villa,2026-03-26T08:55:15.935093,new,,,75
701,century21_117d78a44d48,century21,,77.0,2,La Soukra,ARIANA,north,Sale,Apartment,2026-03-26T08:57:01.485313,new,,,85
702,century21_3317a93cc234,century21,,61.0,3,Nabeul,NABEUL,north,Sale,Villa,2026-03-26T09:08:17.438765,new,,,85
703,century21_06c58998e013,century21,,147.0,3,Nabeul,NABEUL,north,Sale,Apartment,2026-03-26T09:02:18.713395,new,,,85
704,affare_259161,affare,900.0,,2,Akouda,SOUSSE,east,Rent,Commercial,2026-03-26T08:48:01.687436,new,,,85
705,century21_0027ce442d20,century21,,210.0,3,Hammamet,NABEUL,north,Sale,Villa,2026-03-26T09:06:01.037026,new,,,85
706,century21_348d3180e07b,century21,,155.0,3,Ennasr,ARIANA,north,Sale,Apartment,2026-03-26T08:58:07.673063,new,,,85
707,century21_6d854c28ccad,century21,,130.0,2,Mnihla,ARIANA,north,Sale,Apartment,2026-03-26T09:07:14.518487,new,,,85
708,century21_5bd2ca303bbf,century21,,79.0,1,Jardins De Carthage,TUNIS,north,Sale,Apartment,2026-03-26T09:04:55.945162,new,,,85
709,century21_399e190c1aab,century21,,54.0,,La Soukra,ARIANA,north,Sale,Apartment,2026-03-26T09:05:49.001472,new,,,75
710,century21_60a7a39355a7,century21,,130.0,,Aouina,TUNIS,north,Sale,Apartment,2026-03-26T08:55:28.784100,new,,,75
711,century21_66ed816f387a,century21,,125.0,125,La Soukra,ARIANA,north,Sale,Apartment,2026-03-26T08:56:35.417648,new,,,65
712,century21_42260c34c5da,century21,,64.0,1,Aouina,TUNIS,north,Sale,Apartment,2026-03-26T08:59:11.025755,new,,,85
713,century21_5111d5dc5fea,century21,,120.0,120,Gammarth,TUNIS,north,Sale,Apartment,2026-03-26T08:56:49.169504,new,,,65
714,century21_6835a1029b1e,century21,,100.0,,Ennasr,ARIANA,north,Sale,Apartment,2026-03-26T09:07:25.978106,new,,,75
715,century21_48c58b99c641,century21,,97.0,,Nabeul,NABEUL,north,Sale,Apartment,2026-03-26T08:59:37.992132,new,,,75
716,century21_4b02b4e15188,century21,,33.0,,Aouina,TUNIS,north,Sale,Commercial,2026-03-26T09:06:45.739121,new,,,75
717,century21_a1c179145a7d,century21,,180.0,3,Mnihla,ARIANA,north,Sale,Apartment,2026-03-26T09:04:14.927438,new,,,85
718,century21_b48f2079acdb,century21,,198.0,4,Ennasr,ARIANA,north,Sale,Apartment,2026-03-26T09:05:35.394625,new,,,85
719,century21_98a67292a7cd,century21,,100.0,,Aouina,TUNIS,north,Sale,Apartment,2026-03-26T09:01:29.790383,new,,,75
720,century21_756e82d9bb3b,century21,,80.0,,Raoued,ARIANA,north,Sale,Apartment,2026-03-26T09:01:41.837270,new,,,75
721,century21_7c7f2091cc8a,century21,,285.0,,Gammarth,TUNIS,north,Sale,Villa,2026-03-26T08:55:03.971044,new,,,75
722,century21_b72f877d814c,century21,,155.0,,Gammarth,TUNIS,north,Sale,Apartment,2026-03-26T09:01:53.396084,new,,,75
723,century21_781d74614b9f,century21,,189.0,,Les Berges Du Lac,TUNIS,north,Sale,Commercial,2026-03-26T09:02:58.981866,new,,,75
724,century21_79c05035778c,century21,,150.0,,Les Berges Du Lac,TUNIS,north,Sale,Apartment,2026-03-26T08:52:48.397869,new,,,75
725,century21_7c20e31eae96,century21,,153.0,,Jardins De Carthage,TUNIS,north,Sale,Apartment,2026-03-26T08:57:33.031764,new,,,75
726,century21_9ea4d1e31d61,century21,,180.0,,Hammamet,NABEUL,north,Sale,Villa,2026-03-26T09:00:05.629618,new,,,75
727,century21_de42e2c2f37f,century21,,300.0,,El Menzah,ARIANA,north,Sale,Land,2026-03-26T09:00:17.904551,new,,,75
728,century21_cdeb60875dd1,century21,,168.0,,Cité Mahrajène,TUNIS,north,Sale,Apartment,2026-03-26T08:54:15.944853,new,,,75
729,century21_d56a438d4c46,century21,,90.0,,Les Berges Du Lac,TUNIS,north,Sale,Commercial,2026-03-26T09:07:37.104093,new,,,75
730,century21_c7f2e04b01c0,century21,,131.0,,El Menzah,ARIANA,north,Sale,Commercial,2026-03-26T08:55:40.906613,new,,,75
731,century21_bb9e7d54a5c5,century21,,200.0,,La Marsa,TUNIS,north,Sale,Apartment,2026-03-26T09:05:20.285012,new,,,75
732,century21_d9f20e028159,century21,,294.0,,Jardins De Carthage,TUNIS,north,Sale,Commercial,2026-03-26T08:56:04.733954,new,,,75
733,century21_c06ff58b0763,century21,,89.0,2,Hammamet,NABEUL,north,Sale,Apartment,2026-03-26T08:56:14.525324,new,,,85
734,century21_d996c5e1e837,century21,,,,Nabeul,NABEUL,north,Sale,Apartment,2026-03-26T09:00:46.474851,new,,,30
735,century21_bd763bd2bef0,century21,,70.0,,Aouina,TUNIS,north,Sale,Apartment,2026-03-26T09:00:57.943257,new,,,75
736,century21_e3276bb58790,century21,,150.0,,Jardins De Carthage,TUNIS,north,Sale,Apartment,2026-03-26T08:59:50.257761,new,,,75
737,century21_fcfea98f929e,century21,,65.0,,Les Berges Du Lac,TUNIS,north,Sale,Commercial,2026-03-26T08:53:00.116322,new,,,75
738,century21_f521ab4e9e21,century21,,134.0,,Cite El Khadra,TUNIS,north,Sale,Apartment,2026-03-26T08:57:54.689350,new,,,75
739,century21_f9dee0ee3ac8,century21,,450.0,,Ennasr,ARIANA,north,Sale,Villa,2026-03-26T08:59:26.581121,new,,,75
740,century21_ec133e434570,century21,1200.0,50.0,,El Menzah,ARIANA,north,Sale,Commercial,2026-03-26T09:03:40.082603,new,,,75
741,century21_e6c219155011,century21,,64.0,1,Nabeul,NABEUL,north,Sale,Apartment,2026-03-26T09:07:49.520575,new,,,85
